Order_ID,Order_Date,Customer_ID,Region,Category,Sub_Category,Product_Name,Sales,Quantity,Profit
ORD1000,2023-04-13,CUST251,East,Clothing,Mobile,Table,2709.69,4,797.19
ORD1001,2023-12-15,CUST830,North,Electronics,Sofa,Jeans,353.94,4,27.49
ORD1002,2023-09-28,CUST878,East,Home,Sofa,T-Shirt,1749.36,4,272.27
ORD1003,2023-04-17,CUST293,East,Beauty,Skincare,Phone,758.63,4,45.9
ORD1004,2023-03-13,CUST295,South,Electronics,Makeup,Table,410.54,1,96.47
ORD1005,2023-07-08,CUST558,North,Beauty,Skincare,T-Shirt,4950.81,3,1383.85
ORD1006,2023-01-21,CUST660,South,Electronics,Laptop,Lipstick,1679.53,2,201.56
ORD1007,2023-04-13,CUST903,North,Electronics,Laptop,Table,4068.38,4,1076.43
ORD1008,2023-05-02,CUST512,South,Home,Skincare,Phone,1347.74,2,165.85
ORD1009,2023-08-03,CUST748,East,Clothing,Sofa,Laptop,3439.36,1,955.08
ORD1010,2023-11-27,CUST759,North,Home,Laptop,Phone,3825.12,4,912.25
ORD1011,2023-03-29,CUST785,West,Beauty,Table,Phone,3018.63,3,758.36
ORD1012,2023-04-10,CUST841,East,Beauty,Sofa,Phone,2410.72,2,131.39
ORD1013,2023-12-26,CUST215,West,Electronics,Jeans,Table,2118.02,4,615.71
ORD1014,2023-06-01,CUST164,East,Electronics,Makeup,Jacket,1809.45,1,419.19
ORD1015,2023-05-11,CUST329,South,Clothing,Shirt,Phone,4654.69,3,587.36
ORD1016,2023-05-30,CUST565,North,Home,Makeup,Lipstick,4170.04,2,1073.15
ORD1017,2023-11-05,CUST280,East,Beauty,Skincare,Jeans,4828.63,2,581.27
ORD1018,2023-09-15,CUST653,South,Electronics,Sofa,Jeans,709.06,4,190.16
ORD1019,2023-12-10,CUST742,North,Clothing,Skincare,Lipstick,3681.25,3,287.67
ORD1020,2023-10-21,CUST537,North,Beauty,Table,T-Shirt,4697.87,3,1061.35
ORD1021,2023-07-11,CUST878,East,Electronics,Sofa,Jacket,988.04,3,182.96
ORD1022,2023-10-04,CUST401,North,Beauty,Makeup,T-Shirt,425.83,3,31.57
ORD1023,2023-06-10,CUST359,East,Clothing,Table,Lipstick,3731.49,1,412.23
ORD1024,2023-11-10,CUST877,North,Clothing,Table,Jeans,2914.92,3,154.79
ORD1025,2023-01-22,CUST514,West,Beauty,Table,Chair,4224.96,2,706.38
ORD1026,2023-09-10,CUST660,South,Home,Mobile,Jeans,784.88,2,98.36
ORD1027,2023-08-24,CUST650,West,Beauty,Sofa,Laptop,3996.81,1,797.72
ORD1028,2023-12-11,CUST391,East,Electronics,Laptop,Phone,1087.97,2,135.24
ORD1029,2023-02-18,CUST322,West,Home,Laptop,Chair,901.91,2,112.72
ORD1030,2023-02-28,CUST881,East,Electronics,Sofa,Jeans,904.9,3,213.37
ORD1031,2023-06-19,CUST356,North,Beauty,Sofa,Table,4091.42,2,253.81
ORD1032,2023-07-07,CUST483,North,Home,Mobile,Table,3359.47,1,926.29
ORD1033,2023-09-28,CUST223,East,Electronics,Laptop,T-Shirt,2663.02,3,700.55
ORD1034,2023-07-09,CUST663,West,Beauty,Sofa,Chair,1858.27,4,403.15
ORD1035,2023-06-24,CUST392,North,Beauty,Sofa,T-Shirt,4398.28,3,872.2
ORD1036,2023-02-20,CUST408,South,Home,Skincare,Phone,2022.98,1,552.43
ORD1037,2023-12-30,CUST296,North,Beauty,Mobile,Phone,4101.34,3,395.09
ORD1038,2023-02-24,CUST180,South,Clothing,Mobile,Laptop,2251.76,3,157.04
ORD1039,2023-09-01,CUST418,West,Electronics,Makeup,Lipstick,1947.03,1,213.93
ORD1040,2023-11-16,CUST895,South,Electronics,Mobile,Lipstick,2367.13,3,588.57
ORD1041,2023-05-11,CUST828,South,Beauty,Shirt,Jacket,1576.75,1,92.5
ORD1042,2023-11-03,CUST839,South,Beauty,Laptop,T-Shirt,3763.29,1,736.48
ORD1043,2023-05-15,CUST390,South,Clothing,Makeup,Phone,2563.33,4,766.08
ORD1044,2023-01-21,CUST636,North,Home,Shirt,Lipstick,1237.84,2,326.7
ORD1045,2023-11-25,CUST673,South,Beauty,Sofa,T-Shirt,4507.92,2,813.05
ORD1046,2023-06-16,CUST655,North,Beauty,Skincare,Phone,1981.07,3,130.57
ORD1047,2023-10-01,CUST535,South,Beauty,Skincare,Jeans,2763.41,3,712.53
ORD1048,2023-03-30,CUST369,East,Beauty,Sofa,T-Shirt,4541.71,4,907.18
ORD1049,2023-11-12,CUST671,West,Electronics,Makeup,Jeans,3158.77,4,248.7
ORD1050,2023-01-14,CUST762,South,Beauty,Mobile,T-Shirt,672.8,4,49.43
ORD1051,2023-08-30,CUST655,East,Electronics,Table,Jacket,4705.18,1,1305.25
ORD1052,2023-09-22,CUST360,South,Beauty,Skincare,Laptop,3175.77,4,690.1
ORD1053,2023-12-12,CUST153,South,Home,Table,Table,1741.04,4,448.01
ORD1054,2023-02-22,CUST885,South,Clothing,Sofa,Lipstick,782.43,3,211.06
ORD1055,2023-12-06,CUST774,East,Home,Table,Table,3990.72,4,769.98
ORD1056,2023-04-02,CUST134,West,Beauty,Jeans,Table,3138.36,1,562.9
ORD1057,2023-09-21,CUST772,East,Beauty,Makeup,Jeans,2713.96,1,427.74
ORD1058,2023-02-04,CUST331,West,Beauty,Shirt,Chair,4480.07,3,578.99
ORD1059,2023-07-25,CUST994,South,Home,Makeup,Phone,3964.13,4,628.91
ORD1060,2023-03-22,CUST638,North,Beauty,Laptop,Table,843.21,4,205.3
ORD1061,2023-02-19,CUST373,South,Home,Mobile,Jacket,1627.44,1,326.27
ORD1062,2023-12-26,CUST295,West,Electronics,Mobile,Table,1317.6,4,359.88
ORD1063,2023-01-02,CUST202,East,Clothing,Makeup,T-Shirt,3745.34,4,602.42
ORD1064,2023-02-23,CUST107,South,Clothing,Sofa,Jeans,264.31,4,53.33
ORD1065,2023-04-16,CUST813,East,Home,Sofa,Chair,2892.46,2,601.13
ORD1066,2023-09-17,CUST542,East,Electronics,Jeans,T-Shirt,3836.05,3,759.25
ORD1067,2023-11-06,CUST531,East,Home,Jeans,Chair,4396.15,2,992.03
ORD1068,2023-07-10,CUST890,South,Electronics,Mobile,T-Shirt,1776.2,3,194.24
ORD1069,2023-08-06,CUST400,East,Beauty,Jeans,T-Shirt,4124.16,1,734.48
ORD1070,2023-02-13,CUST537,East,Electronics,Skincare,Lipstick,642.1,4,48.84
ORD1071,2023-06-11,CUST384,South,Electronics,Skincare,Laptop,4247.62,3,620.7
ORD1072,2023-07-21,CUST943,East,Electronics,Shirt,Laptop,724.69,2,124.59
ORD1073,2023-09-27,CUST665,South,Clothing,Jeans,Phone,2046.71,4,436.06
ORD1074,2023-12-17,CUST528,West,Electronics,Shirt,Jeans,4006.75,1,1152.47
ORD1075,2023-10-31,CUST315,West,Beauty,Jeans,Jacket,834.6,3,167.06
ORD1076,2023-09-28,CUST501,West,Beauty,Mobile,Jacket,1223.33,3,288.58
ORD1077,2023-08-03,CUST895,East,Beauty,Mobile,Jacket,3639.04,3,642.53
ORD1078,2023-09-09,CUST797,North,Electronics,Shirt,Lipstick,3628.18,4,756.57
ORD1079,2023-07-09,CUST776,North,Home,Makeup,T-Shirt,3241.62,2,219.56
ORD1080,2023-10-23,CUST601,East,Home,Mobile,Laptop,3500.35,2,397.63
ORD1081,2023-08-01,CUST103,North,Beauty,Makeup,Jeans,2759.35,3,387.59
ORD1082,2023-07-27,CUST605,South,Clothing,Sofa,T-Shirt,1333.82,1,224.25
ORD1083,2023-08-25,CUST780,North,Home,Skincare,Chair,1793.91,1,110.17
ORD1084,2023-12-04,CUST359,East,Electronics,Shirt,Laptop,989.83,2,84.14
ORD1085,2023-02-22,CUST216,East,Home,Table,Laptop,4551.41,1,542.54
ORD1086,2023-10-07,CUST263,South,Beauty,Mobile,Table,2958.62,2,866.53
ORD1087,2023-08-05,CUST557,West,Clothing,Laptop,Table,2064.17,3,274.2
ORD1088,2023-09-09,CUST339,East,Home,Sofa,Lipstick,2363.83,2,403.06
ORD1089,2023-07-07,CUST422,South,Home,Makeup,Jeans,4741.69,2,469.54
ORD1090,2023-02-10,CUST412,North,Beauty,Mobile,Chair,851.42,3,172.58
ORD1091,2023-06-06,CUST494,North,Clothing,Shirt,Jeans,2972.53,1,357.21
ORD1092,2023-01-15,CUST553,South,Clothing,Table,Jeans,2578.85,2,262.39
ORD1093,2023-10-28,CUST528,South,Beauty,Jeans,Lipstick,3096.13,2,554.65
ORD1094,2023-03-06,CUST534,East,Electronics,Table,Lipstick,188.74,3,9.7
ORD1095,2023-12-11,CUST877,North,Home,Laptop,T-Shirt,4373.41,1,227.05
ORD1096,2023-11-23,CUST504,South,Electronics,Makeup,Phone,4667.38,2,488.99
ORD1097,2023-01-09,CUST736,North,Home,Sofa,Lipstick,2869.15,3,169.8
ORD1098,2023-12-10,CUST793,South,Home,Table,Jeans,3513.59,2,270.57
ORD1099,2023-05-09,CUST152,North,Electronics,Shirt,Table,4620.25,4,622.42
ORD1100,2023-05-16,CUST401,West,Beauty,Laptop,Phone,3565.47,3,893.67
ORD1101,2023-03-04,CUST356,East,Beauty,Shirt,T-Shirt,847.44,1,163.57
ORD1102,2023-05-19,CUST215,North,Home,Mobile,Phone,2923.81,1,520.93
ORD1103,2023-03-22,CUST589,West,Beauty,Jeans,Jacket,3072.9,1,379.11
ORD1104,2023-06-12,CUST186,North,Home,Sofa,Chair,2178.24,1,616.31
ORD1105,2023-10-16,CUST746,North,Beauty,Shirt,Phone,3708.58,2,553.52
ORD1106,2023-09-18,CUST506,West,Home,Makeup,Jeans,4678.4,2,335.78
ORD1107,2023-08-19,CUST925,North,Beauty,Mobile,T-Shirt,4635.29,1,946.84
ORD1108,2023-02-10,CUST343,North,Clothing,Mobile,Chair,2309.11,1,181.17
ORD1109,2023-01-28,CUST979,East,Electronics,Sofa,Jeans,654.87,1,89.26
ORD1110,2023-05-15,CUST951,West,Clothing,Mobile,Chair,4925.72,2,871.13
ORD1111,2023-07-20,CUST269,West,Electronics,Makeup,Table,4210.6,1,1130.78
ORD1112,2023-11-24,CUST427,South,Electronics,Shirt,Jacket,710.85,1,123.25
ORD1113,2023-09-25,CUST916,North,Home,Sofa,Table,4612.13,4,1040.33
ORD1114,2023-02-02,CUST709,East,Electronics,Skincare,Jeans,4362.49,4,1300.91
ORD1115,2023-02-17,CUST417,North,Clothing,Mobile,Jeans,2642.31,1,218.97
ORD1116,2023-03-03,CUST285,North,Clothing,Mobile,Jeans,2997.25,3,355.72
ORD1117,2023-08-04,CUST796,South,Beauty,Makeup,Laptop,2055.11,1,305.48
ORD1118,2023-10-20,CUST886,North,Clothing,Jeans,Jacket,368.33,4,57.26
ORD1119,2023-04-09,CUST593,East,Beauty,Jeans,Chair,1742.47,3,266.17
ORD1120,2023-06-21,CUST729,East,Electronics,Table,Lipstick,4033.98,3,1117.02
ORD1121,2023-12-26,CUST902,South,Clothing,Mobile,Jeans,122.7,1,28.04
ORD1122,2023-08-02,CUST999,North,Electronics,Skincare,Jeans,1734.15,4,350.26
ORD1123,2023-02-04,CUST861,East,Clothing,Shirt,Chair,2051.03,4,261.18
ORD1124,2023-08-15,CUST172,North,Clothing,Sofa,Lipstick,2733.24,3,699.57
ORD1125,2023-04-11,CUST153,North,Beauty,Mobile,Table,4607.29,1,1330.42
ORD1126,2023-05-11,CUST617,North,Electronics,Laptop,Table,1797.1,2,458.8
ORD1127,2023-09-14,CUST535,South,Clothing,Sofa,Jeans,1800.07,2,90.71
ORD1128,2023-01-05,CUST955,North,Home,Table,T-Shirt,3713.76,4,776.55
ORD1129,2023-08-06,CUST197,East,Electronics,Jeans,Laptop,2315.87,2,145.4
ORD1130,2023-09-12,CUST843,North,Electronics,Skincare,Table,1200.56,4,137.35
ORD1131,2023-12-25,CUST762,East,Electronics,Mobile,T-Shirt,2316.95,4,150.33
ORD1132,2023-10-10,CUST625,North,Beauty,Makeup,Laptop,790.2,4,158.79
ORD1133,2023-07-26,CUST348,East,Home,Laptop,Jeans,964.3,2,213.73
ORD1134,2023-01-15,CUST572,East,Electronics,Mobile,Jacket,2542.0,4,199.86
ORD1135,2023-12-12,CUST867,North,Clothing,Skincare,Phone,2152.73,3,314.21
ORD1136,2023-02-11,CUST738,North,Clothing,Table,Phone,4582.74,1,751.84
ORD1137,2023-06-28,CUST957,East,Beauty,Shirt,Jeans,1875.73,1,266.85
ORD1138,2023-03-04,CUST386,West,Clothing,Laptop,Table,2944.88,4,236.35
ORD1139,2023-12-18,CUST457,South,Electronics,Table,T-Shirt,3198.1,1,494.86
ORD1140,2023-08-19,CUST708,West,Clothing,Mobile,Jacket,164.16,2,39.04
ORD1141,2023-08-29,CUST316,West,Electronics,Shirt,Chair,3351.33,2,227.06
ORD1142,2023-02-21,CUST694,North,Clothing,Laptop,Laptop,972.38,1,68.11
ORD1143,2023-04-06,CUST233,South,Home,Shirt,Jeans,4809.24,2,667.01
ORD1144,2023-08-10,CUST537,West,Beauty,Shirt,Jacket,828.45,1,236.47
ORD1145,2023-08-19,CUST743,North,Beauty,Laptop,Lipstick,2131.66,1,462.88
ORD1146,2023-08-25,CUST214,West,Home,Laptop,Jacket,518.21,1,113.83
ORD1147,2023-05-23,CUST593,West,Home,Shirt,Table,4984.68,4,700.25
ORD1148,2023-06-20,CUST640,North,Beauty,Table,Lipstick,2560.76,1,508.09
ORD1149,2023-01-29,CUST182,North,Home,Skincare,Laptop,3017.39,4,158.51
ORD1150,2023-02-05,CUST478,North,Electronics,Jeans,Lipstick,428.67,1,89.6
ORD1151,2023-01-13,CUST533,South,Clothing,Laptop,Jacket,3774.81,1,1050.61
ORD1152,2023-06-09,CUST424,West,Beauty,Mobile,Table,1128.54,1,229.26
ORD1153,2023-11-23,CUST425,North,Home,Sofa,Lipstick,4500.47,2,1208.04
ORD1154,2023-07-06,CUST974,East,Electronics,Makeup,T-Shirt,1105.18,4,255.29
ORD1155,2023-08-31,CUST945,West,Beauty,Shirt,Table,1034.37,4,82.89
ORD1156,2023-03-27,CUST678,East,Home,Shirt,T-Shirt,279.09,1,76.92
ORD1157,2023-10-11,CUST934,South,Beauty,Makeup,T-Shirt,2413.13,1,160.74
ORD1158,2023-03-07,CUST727,North,Home,Jeans,Lipstick,2867.72,2,526.2
ORD1159,2023-06-19,CUST869,East,Beauty,Makeup,Lipstick,421.97,2,36.09
ORD1160,2023-02-14,CUST580,South,Electronics,Laptop,Chair,3900.09,2,206.42
ORD1161,2023-03-03,CUST671,North,Electronics,Makeup,Chair,2321.12,4,360.95
ORD1162,2023-05-14,CUST610,East,Clothing,Shirt,Jacket,2669.51,4,330.38
ORD1163,2023-10-11,CUST418,East,Beauty,Makeup,Table,2259.74,4,387.55
ORD1164,2023-01-28,CUST109,South,Clothing,Sofa,Chair,2063.74,1,400.98
ORD1165,2023-04-18,CUST714,North,Beauty,Mobile,T-Shirt,2842.24,4,173.19
ORD1166,2023-02-13,CUST872,North,Home,Laptop,Chair,860.68,3,69.5
ORD1167,2023-12-06,CUST895,East,Home,Makeup,Laptop,991.45,3,188.04
ORD1168,2023-10-13,CUST382,East,Clothing,Shirt,Jacket,4322.75,2,586.99
ORD1169,2023-11-27,CUST369,East,Beauty,Table,Table,4735.97,4,1100.13
ORD1170,2023-05-08,CUST972,North,Clothing,Mobile,Table,1929.22,3,411.06
ORD1171,2023-12-14,CUST164,South,Electronics,Laptop,Phone,1426.65,2,372.93
ORD1172,2023-08-19,CUST206,South,Clothing,Shirt,Table,3255.6,4,726.4
ORD1173,2023-07-09,CUST179,North,Clothing,Jeans,Jacket,2102.8,1,331.15
ORD1174,2023-08-13,CUST847,West,Home,Sofa,Laptop,224.39,3,48.97
ORD1175,2023-10-10,CUST599,South,Clothing,Skincare,Table,865.15,1,102.82
ORD1176,2023-05-01,CUST205,East,Beauty,Jeans,Phone,3608.26,4,456.73
ORD1177,2023-04-26,CUST602,West,Home,Skincare,Jacket,3328.73,3,823.02
ORD1178,2023-08-21,CUST631,West,Clothing,Sofa,T-Shirt,232.77,4,37.62
ORD1179,2023-09-16,CUST979,South,Electronics,Makeup,Jeans,1187.66,1,296.43
ORD1180,2023-12-25,CUST624,West,Clothing,Laptop,Jeans,1232.27,3,314.98
ORD1181,2023-07-17,CUST843,West,Clothing,Makeup,T-Shirt,3392.27,1,896.88
ORD1182,2023-05-17,CUST523,South,Clothing,Sofa,Chair,196.58,4,54.88
ORD1183,2023-11-14,CUST286,South,Home,Sofa,Table,610.13,4,96.25
ORD1184,2023-06-14,CUST453,West,Beauty,Sofa,Lipstick,4019.59,1,521.41
ORD1185,2023-08-13,CUST783,East,Electronics,Skincare,Jeans,974.87,3,190.64
ORD1186,2023-11-03,CUST253,North,Clothing,Mobile,Chair,3298.46,1,471.0
ORD1187,2023-08-22,CUST470,West,Beauty,Shirt,Jeans,1267.1,4,253.76
ORD1188,2023-06-21,CUST475,West,Beauty,Laptop,T-Shirt,587.26,1,132.95
ORD1189,2023-06-01,CUST454,East,Home,Makeup,Table,1291.54,4,286.85
ORD1190,2023-11-11,CUST275,West,Electronics,Makeup,Table,3639.11,1,522.72
ORD1191,2023-06-09,CUST396,West,Home,Jeans,Chair,4292.91,3,393.72
ORD1192,2023-04-06,CUST538,North,Beauty,Skincare,T-Shirt,4168.08,3,657.02
ORD1193,2023-08-21,CUST485,North,Beauty,Sofa,Chair,2046.2,1,175.25
ORD1194,2023-06-29,CUST292,North,Beauty,Table,Table,3373.62,1,919.39
ORD1195,2023-04-23,CUST818,South,Home,Sofa,Lipstick,1104.42,3,150.72
ORD1196,2023-11-14,CUST174,South,Electronics,Sofa,Table,1536.42,4,136.15
ORD1197,2023-02-21,CUST802,North,Clothing,Table,Jacket,4492.05,3,253.18
ORD1198,2023-09-25,CUST806,North,Home,Makeup,Lipstick,163.71,4,34.62
ORD1199,2023-10-22,CUST594,South,Beauty,Jeans,Chair,518.99,1,108.59
ORD1200,2023-04-23,CUST493,East,Home,Shirt,Jacket,1118.64,1,151.19
ORD1201,2023-04-11,CUST882,West,Beauty,Table,T-Shirt,230.01,4,15.62
ORD1202,2023-04-23,CUST542,West,Clothing,Skincare,Laptop,989.03,1,150.74
ORD1203,2023-03-22,CUST583,North,Clothing,Mobile,Jeans,2956.9,4,377.9
ORD1204,2023-07-06,CUST580,East,Electronics,Laptop,Jacket,2164.98,2,474.74
ORD1205,2023-04-23,CUST543,South,Beauty,Skincare,Jeans,4474.09,3,901.28
ORD1206,2023-01-02,CUST196,North,Electronics,Table,Phone,4105.47,2,579.48
ORD1207,2023-05-10,CUST326,East,Electronics,Shirt,T-Shirt,1774.91,4,185.43
ORD1208,2023-08-08,CUST542,East,Clothing,Makeup,Laptop,1371.17,3,407.25
ORD1209,2023-02-23,CUST643,East,Home,Mobile,Phone,1960.49,4,320.54
ORD1210,2023-12-09,CUST896,South,Home,Mobile,Phone,2992.45,3,664.53
ORD1211,2023-08-12,CUST360,South,Electronics,Mobile,Table,1413.51,3,120.34
ORD1212,2023-08-13,CUST907,West,Clothing,Sofa,Phone,3158.33,3,541.33
ORD1213,2023-05-06,CUST619,West,Beauty,Laptop,T-Shirt,2106.12,3,119.8
ORD1214,2023-05-10,CUST808,East,Home,Makeup,Jacket,2805.03,4,494.71
ORD1215,2023-02-22,CUST925,East,Electronics,Makeup,T-Shirt,2237.02,3,650.98
ORD1216,2023-06-21,CUST322,South,Home,Mobile,Jacket,1542.88,3,225.34
ORD1217,2023-08-06,CUST452,West,Home,Makeup,Phone,4747.42,2,283.65
ORD1218,2023-06-09,CUST817,East,Beauty,Laptop,Phone,3841.67,1,221.81
ORD1219,2023-07-17,CUST447,West,Clothing,Laptop,Lipstick,786.55,1,115.62
ORD1220,2023-09-04,CUST668,West,Beauty,Jeans,Laptop,4355.49,2,392.02
ORD1221,2023-11-20,CUST918,East,Clothing,Table,Jacket,2488.41,2,138.95
ORD1222,2023-07-22,CUST384,South,Home,Table,Phone,4483.31,4,1071.75
ORD1223,2023-07-03,CUST771,East,Electronics,Jeans,Table,4019.29,4,661.7
ORD1224,2023-05-03,CUST123,East,Beauty,Shirt,Lipstick,2183.55,4,267.07
ORD1225,2023-09-12,CUST632,West,Clothing,Table,Jeans,210.1,2,57.78
ORD1226,2023-10-21,CUST412,East,Home,Laptop,Lipstick,1416.52,2,111.95
ORD1227,2023-10-07,CUST940,South,Clothing,Laptop,Laptop,2754.01,3,795.85
ORD1228,2023-11-21,CUST171,East,Clothing,Table,T-Shirt,3204.04,4,411.69
ORD1229,2023-04-08,CUST140,South,Clothing,Laptop,Laptop,1363.65,4,371.05
ORD1230,2023-07-17,CUST473,South,Home,Jeans,Jeans,782.84,4,157.14
ORD1231,2023-08-28,CUST597,West,Electronics,Mobile,Lipstick,4191.16,1,1075.77
ORD1232,2023-05-24,CUST377,North,Electronics,Mobile,Jacket,4923.57,3,1457.39
ORD1233,2023-04-07,CUST670,North,Electronics,Makeup,T-Shirt,2675.88,4,326.73
ORD1234,2023-07-20,CUST738,West,Clothing,Skincare,T-Shirt,941.23,4,273.22
ORD1235,2023-05-04,CUST461,East,Home,Skincare,Jacket,1434.31,4,211.37
ORD1236,2023-07-06,CUST758,West,Clothing,Mobile,Chair,190.11,1,27.83
ORD1237,2023-11-22,CUST569,South,Electronics,Sofa,Chair,4580.06,1,618.75
ORD1238,2023-12-15,CUST460,North,Electronics,Jeans,Laptop,676.98,2,125.48
ORD1239,2023-09-16,CUST637,West,Home,Laptop,Phone,2924.93,3,258.96
ORD1240,2023-05-28,CUST277,East,Clothing,Table,Chair,1442.87,2,271.88
ORD1241,2023-09-09,CUST496,West,Beauty,Mobile,Laptop,2815.47,3,522.06
ORD1242,2023-12-12,CUST444,North,Beauty,Jeans,Chair,3291.96,1,791.64
ORD1243,2023-05-27,CUST580,West,Electronics,Mobile,Jeans,4165.73,4,1076.48
ORD1244,2023-05-28,CUST356,West,Home,Shirt,Table,1111.46,2,177.96
ORD1245,2023-12-18,CUST725,North,Clothing,Laptop,Phone,153.88,4,19.32
ORD1246,2023-07-18,CUST905,South,Clothing,Shirt,Laptop,770.74,2,88.51
ORD1247,2023-11-04,CUST501,South,Electronics,Laptop,Table,4510.09,1,444.95
ORD1248,2023-05-08,CUST931,North,Electronics,Jeans,Table,4382.06,1,282.26
ORD1249,2023-02-08,CUST350,West,Clothing,Makeup,Lipstick,3027.32,1,410.54
ORD1250,2023-12-04,CUST409,North,Clothing,Mobile,Chair,3042.53,2,357.69
ORD1251,2023-12-26,CUST100,South,Electronics,Mobile,Lipstick,3358.68,3,979.41
ORD1252,2023-05-09,CUST370,East,Clothing,Sofa,Jacket,959.32,2,181.72
ORD1253,2023-09-24,CUST788,West,Beauty,Table,Jeans,4580.62,3,626.72
ORD1254,2023-05-31,CUST750,South,Electronics,Shirt,Jeans,2151.98,2,419.89
ORD1255,2023-10-25,CUST495,West,Clothing,Mobile,Jeans,1977.38,2,167.68
ORD1256,2023-04-09,CUST840,North,Electronics,Jeans,Phone,2642.7,1,425.5
ORD1257,2023-09-20,CUST479,East,Home,Makeup,T-Shirt,330.13,4,68.19
ORD1258,2023-09-09,CUST294,North,Electronics,Table,Phone,914.79,4,157.55
ORD1259,2023-05-24,CUST463,East,Electronics,Jeans,Laptop,3716.36,3,559.11
ORD1260,2023-12-12,CUST358,West,Home,Shirt,Table,505.71,4,150.94
ORD1261,2023-04-22,CUST122,West,Beauty,Sofa,Table,3055.45,2,825.21
ORD1262,2023-03-01,CUST152,North,Clothing,Mobile,Lipstick,1302.21,2,268.06
ORD1263,2023-01-02,CUST345,East,Home,Jeans,T-Shirt,2007.55,1,386.14
ORD1264,2023-10-31,CUST823,East,Electronics,Table,Laptop,1514.6,1,310.74
ORD1265,2023-09-11,CUST983,West,Clothing,Laptop,T-Shirt,1842.8,4,184.88
ORD1266,2023-05-20,CUST688,North,Home,Makeup,Table,3623.32,3,539.09
ORD1267,2023-02-06,CUST267,East,Clothing,Table,Chair,1555.9,4,93.14
ORD1268,2023-06-09,CUST820,West,Clothing,Jeans,Phone,2875.38,4,485.61
ORD1269,2023-01-09,CUST488,South,Home,Makeup,Jeans,2432.65,4,451.88
ORD1270,2023-08-21,CUST756,North,Clothing,Mobile,Table,3351.99,4,358.45
ORD1271,2023-04-09,CUST909,South,Beauty,Laptop,Jacket,4690.47,2,1364.96
ORD1272,2023-05-27,CUST274,North,Home,Sofa,Jeans,3689.6,3,1023.36
ORD1273,2023-10-31,CUST395,West,Beauty,Table,Table,1153.21,2,265.86
ORD1274,2023-07-27,CUST900,East,Electronics,Sofa,Phone,252.8,3,46.35
ORD1275,2023-05-11,CUST655,East,Clothing,Laptop,T-Shirt,1385.09,1,370.5
ORD1276,2023-06-01,CUST584,East,Electronics,Makeup,Chair,3015.88,4,249.3
ORD1277,2023-02-23,CUST595,North,Electronics,Mobile,Chair,351.99,2,87.16
ORD1278,2023-04-30,CUST671,West,Clothing,Jeans,Jeans,2532.19,3,205.63
ORD1279,2023-06-10,CUST589,South,Home,Laptop,Phone,3024.53,1,751.75
ORD1280,2023-04-26,CUST581,West,Clothing,Shirt,Chair,1737.8,1,206.7
ORD1281,2023-03-16,CUST122,South,Electronics,Makeup,Chair,3877.47,4,1044.1
ORD1282,2023-04-23,CUST803,North,Electronics,Sofa,Laptop,622.33,3,177.99
ORD1283,2023-04-14,CUST399,North,Home,Table,Jacket,468.18,2,40.82
ORD1284,2023-12-06,CUST230,South,Clothing,Laptop,Jeans,3668.12,4,607.69
ORD1285,2023-09-11,CUST984,South,Electronics,Sofa,T-Shirt,2527.91,2,746.36
ORD1286,2023-08-15,CUST413,South,Beauty,Makeup,Chair,3473.17,1,593.4
ORD1287,2023-04-22,CUST399,West,Electronics,Sofa,Laptop,2230.65,2,593.1
ORD1288,2023-04-09,CUST626,South,Electronics,Laptop,Phone,1307.37,2,257.79
ORD1289,2023-06-02,CUST302,North,Home,Makeup,Chair,4113.6,4,591.67
ORD1290,2023-12-15,CUST355,North,Beauty,Shirt,Lipstick,4017.14,2,487.87
ORD1291,2023-12-04,CUST656,East,Electronics,Laptop,Jacket,3504.01,4,353.22
ORD1292,2023-07-13,CUST434,South,Electronics,Jeans,T-Shirt,1433.51,1,344.69
ORD1293,2023-11-06,CUST198,West,Beauty,Skincare,Phone,2992.13,4,438.75
ORD1294,2023-06-12,CUST527,West,Clothing,Mobile,Phone,1868.77,4,332.3
ORD1295,2023-07-27,CUST912,West,Clothing,Laptop,Jeans,548.75,3,94.98
ORD1296,2023-06-18,CUST877,East,Electronics,Makeup,Chair,4594.84,2,892.87
ORD1297,2023-06-10,CUST101,North,Electronics,Table,Jeans,770.41,1,205.23
ORD1298,2023-03-09,CUST508,West,Clothing,Mobile,T-Shirt,4756.16,4,1403.95
ORD1299,2023-10-16,CUST797,North,Home,Laptop,Lipstick,2285.43,1,347.15
ORD1300,2023-10-04,CUST197,East,Beauty,Shirt,Chair,1007.15,3,258.72
ORD1301,2023-10-31,CUST594,South,Beauty,Table,Table,2755.31,2,664.39
ORD1302,2023-05-15,CUST469,South,Home,Shirt,Chair,4377.43,4,846.52
ORD1303,2023-07-14,CUST712,South,Home,Jeans,Lipstick,3687.9,2,1065.85
ORD1304,2023-05-08,CUST705,West,Home,Table,Table,4052.15,3,405.7
ORD1305,2023-02-02,CUST981,South,Home,Sofa,Phone,3328.04,3,257.31
ORD1306,2023-06-25,CUST488,West,Home,Skincare,Jeans,3492.16,1,920.15
ORD1307,2023-01-22,CUST885,East,Home,Table,Jacket,4261.06,4,680.86
ORD1308,2023-08-26,CUST736,East,Beauty,Mobile,Chair,1323.37,1,346.38
ORD1309,2023-06-07,CUST500,West,Home,Table,Jacket,2498.18,3,682.68
ORD1310,2023-02-07,CUST160,North,Clothing,Makeup,Chair,1183.93,2,77.68
ORD1311,2023-08-18,CUST698,South,Home,Skincare,Phone,4939.57,1,1337.96
ORD1312,2023-12-31,CUST273,South,Home,Makeup,Jeans,4725.89,1,765.97
ORD1313,2023-02-20,CUST624,South,Beauty,Sofa,T-Shirt,293.19,2,52.07
ORD1314,2023-09-21,CUST680,West,Beauty,Table,T-Shirt,3557.32,1,735.11
ORD1315,2023-10-10,CUST498,East,Home,Shirt,T-Shirt,4633.72,2,1304.84
ORD1316,2023-01-27,CUST666,South,Beauty,Shirt,Chair,984.82,4,53.95
ORD1317,2023-08-14,CUST937,East,Electronics,Laptop,Chair,2882.93,2,487.82
ORD1318,2023-10-04,CUST183,South,Beauty,Jeans,Jacket,4585.89,4,1017.75
ORD1319,2023-10-13,CUST269,South,Beauty,Mobile,Jeans,266.34,2,61.44
ORD1320,2023-04-07,CUST666,West,Beauty,Skincare,Lipstick,3517.36,3,784.84
ORD1321,2023-10-11,CUST600,North,Beauty,Jeans,Chair,1557.01,3,130.18
ORD1322,2023-11-13,CUST576,West,Clothing,Table,Jeans,4629.54,4,577.99
ORD1323,2023-10-31,CUST672,South,Clothing,Jeans,Jacket,4858.19,4,678.59
ORD1324,2023-05-27,CUST416,South,Clothing,Laptop,Chair,4726.91,3,1186.97
ORD1325,2023-01-04,CUST697,North,Home,Jeans,T-Shirt,2423.65,4,290.09
ORD1326,2023-02-04,CUST867,East,Home,Skincare,T-Shirt,4324.01,2,443.97
ORD1327,2023-07-11,CUST266,East,Electronics,Sofa,Phone,4238.29,2,1226.4
ORD1328,2023-02-18,CUST274,South,Clothing,Laptop,Table,1663.59,3,86.87
ORD1329,2023-01-17,CUST292,East,Home,Sofa,Laptop,4161.69,1,1246.24
ORD1330,2023-06-21,CUST501,South,Beauty,Table,Lipstick,281.34,2,61.67
ORD1331,2023-08-08,CUST288,North,Beauty,Laptop,Table,3021.72,4,776.94
ORD1332,2023-06-07,CUST313,North,Clothing,Table,Chair,1227.04,1,151.73
ORD1333,2023-02-15,CUST266,South,Electronics,Table,Jeans,690.78,1,37.01
ORD1334,2023-01-06,CUST430,North,Electronics,Jeans,Chair,477.07,2,111.86
ORD1335,2023-04-09,CUST456,West,Beauty,Sofa,Jeans,3511.82,2,907.93
ORD1336,2023-08-21,CUST803,West,Electronics,Table,Jeans,1765.39,1,415.08
ORD1337,2023-02-06,CUST632,North,Clothing,Sofa,Table,3651.36,1,312.97
ORD1338,2023-10-07,CUST958,South,Beauty,Sofa,Laptop,420.25,3,100.17
ORD1339,2023-12-15,CUST508,South,Home,Laptop,Phone,1644.92,4,398.45
ORD1340,2023-10-29,CUST518,North,Home,Makeup,Table,2743.51,3,588.85
ORD1341,2023-06-30,CUST527,East,Electronics,Jeans,Laptop,3974.54,2,959.97
ORD1342,2023-04-05,CUST986,West,Beauty,Table,T-Shirt,1661.89,3,434.55
ORD1343,2023-04-09,CUST526,East,Beauty,Sofa,T-Shirt,3166.87,3,644.14
ORD1344,2023-07-07,CUST298,South,Home,Mobile,Jeans,4441.29,3,320.44
ORD1345,2023-04-26,CUST650,South,Beauty,Makeup,Jacket,3117.73,3,535.96
ORD1346,2023-07-10,CUST662,East,Beauty,Table,Chair,1241.5,4,86.18
ORD1347,2023-09-10,CUST575,North,Beauty,Mobile,Chair,219.56,4,33.35
ORD1348,2023-06-10,CUST766,East,Electronics,Jeans,Jeans,4363.48,1,662.27
ORD1349,2023-09-13,CUST894,East,Beauty,Jeans,Jacket,204.22,2,13.58
ORD1350,2023-11-19,CUST830,West,Clothing,Sofa,Lipstick,4386.04,3,601.79
ORD1351,2023-05-08,CUST410,West,Electronics,Sofa,Laptop,2691.79,1,209.29
ORD1352,2023-01-18,CUST222,East,Beauty,Skincare,Lipstick,4701.43,1,1185.04
ORD1353,2023-10-08,CUST817,East,Beauty,Skincare,Lipstick,4014.04,1,1151.72
ORD1354,2023-08-11,CUST778,South,Clothing,Table,T-Shirt,4989.88,4,339.71
ORD1355,2023-02-23,CUST558,West,Electronics,Laptop,Lipstick,1818.49,3,525.14
ORD1356,2023-02-27,CUST830,West,Home,Makeup,Chair,3859.22,3,697.15
ORD1357,2023-11-19,CUST612,South,Home,Table,Table,2069.46,2,258.46
ORD1358,2023-12-26,CUST313,North,Electronics,Makeup,Jacket,2451.39,3,169.67
ORD1359,2023-06-23,CUST748,West,Beauty,Sofa,Laptop,3174.78,3,556.08
ORD1360,2023-10-07,CUST843,West,Beauty,Jeans,T-Shirt,4381.02,1,1089.25
ORD1361,2023-04-24,CUST383,North,Home,Sofa,Lipstick,4922.01,2,1116.17
ORD1362,2023-10-15,CUST359,West,Home,Jeans,Table,3864.54,3,241.75
ORD1363,2023-12-08,CUST332,West,Home,Skincare,Jacket,2147.06,4,146.48
ORD1364,2023-05-31,CUST157,North,Clothing,Table,Jeans,2164.65,3,326.25
ORD1365,2023-05-07,CUST379,North,Home,Skincare,Jeans,3714.15,1,459.9
ORD1366,2023-06-04,CUST615,East,Clothing,Jeans,Jeans,1270.01,4,137.28
ORD1367,2023-09-30,CUST240,South,Electronics,Sofa,Chair,641.32,1,77.12
ORD1368,2023-04-14,CUST468,South,Beauty,Skincare,Laptop,1837.65,3,461.01
ORD1369,2023-10-26,CUST180,North,Home,Shirt,Jeans,1507.47,4,425.57
ORD1370,2023-09-03,CUST868,North,Beauty,Makeup,Chair,1551.91,2,234.77
ORD1371,2023-06-25,CUST931,West,Beauty,Mobile,Phone,1244.68,2,344.19
ORD1372,2023-02-08,CUST702,East,Home,Jeans,Chair,306.26,4,39.93
ORD1373,2023-06-19,CUST683,East,Home,Jeans,T-Shirt,187.58,4,31.72
ORD1374,2023-09-04,CUST532,North,Electronics,Shirt,Chair,4939.84,1,526.13
ORD1375,2023-01-26,CUST683,West,Clothing,Table,Laptop,2196.09,4,461.44
ORD1376,2023-12-21,CUST976,West,Clothing,Table,Table,1983.2,1,584.54
ORD1377,2023-11-02,CUST240,South,Beauty,Table,Lipstick,3430.27,3,689.05
ORD1378,2023-01-13,CUST569,South,Home,Mobile,Chair,1169.44,1,163.08
ORD1379,2023-11-12,CUST297,West,Electronics,Laptop,Jeans,4754.81,4,1007.8
ORD1380,2023-11-09,CUST140,South,Electronics,Shirt,T-Shirt,3953.09,4,319.13
ORD1381,2023-02-05,CUST211,North,Electronics,Mobile,Jacket,538.11,3,146.45
ORD1382,2023-06-22,CUST137,West,Electronics,Skincare,Jeans,2146.15,4,377.23
ORD1383,2023-01-20,CUST124,South,Electronics,Shirt,T-Shirt,4407.68,4,715.53
ORD1384,2023-11-17,CUST562,East,Clothing,Jeans,Phone,4729.19,2,929.13
ORD1385,2023-09-21,CUST840,West,Clothing,Makeup,Lipstick,2390.27,2,492.86
ORD1386,2023-05-22,CUST842,West,Clothing,Shirt,Jacket,3105.72,3,211.01
ORD1387,2023-05-23,CUST976,East,Home,Laptop,Phone,918.47,1,202.66
ORD1388,2023-04-02,CUST364,North,Beauty,Sofa,Table,4956.73,2,547.63
ORD1389,2023-12-20,CUST267,East,Electronics,Skincare,T-Shirt,1235.19,1,282.23
ORD1390,2023-11-18,CUST954,West,Home,Mobile,Phone,4719.39,4,1206.44
ORD1391,2023-10-15,CUST265,North,Electronics,Skincare,Lipstick,3283.27,2,824.07
ORD1392,2023-08-03,CUST628,South,Clothing,Skincare,Lipstick,3077.91,3,579.03
ORD1393,2023-12-08,CUST536,South,Home,Shirt,Table,2612.17,3,470.3
ORD1394,2023-02-20,CUST624,South,Clothing,Shirt,Lipstick,1230.28,3,105.46
ORD1395,2023-06-02,CUST234,West,Electronics,Laptop,T-Shirt,964.99,2,235.3
ORD1396,2023-07-05,CUST764,East,Electronics,Makeup,T-Shirt,1180.38,1,139.11
ORD1397,2023-03-04,CUST428,North,Beauty,Shirt,Lipstick,1013.55,4,176.53
ORD1398,2023-07-09,CUST296,South,Electronics,Shirt,Phone,3919.96,1,474.58
ORD1399,2023-05-05,CUST104,North,Clothing,Makeup,T-Shirt,1815.61,1,151.53
ORD1400,2023-05-30,CUST858,West,Electronics,Laptop,Jeans,383.43,4,79.52
ORD1401,2023-11-10,CUST819,South,Beauty,Mobile,Lipstick,4848.6,4,308.29
ORD1402,2023-02-27,CUST418,West,Beauty,Skincare,T-Shirt,4430.55,2,1050.76
ORD1403,2023-12-08,CUST344,East,Clothing,Mobile,Laptop,4645.99,2,601.18
ORD1404,2023-11-01,CUST386,West,Home,Shirt,Table,4975.05,2,248.92
ORD1405,2023-06-29,CUST686,West,Electronics,Makeup,Lipstick,952.09,2,169.26
ORD1406,2023-06-19,CUST596,East,Beauty,Shirt,T-Shirt,2041.59,2,125.99
ORD1407,2023-11-22,CUST521,North,Electronics,Table,Laptop,3815.37,4,454.19
ORD1408,2023-09-28,CUST715,East,Electronics,Sofa,T-Shirt,3510.5,1,795.99
ORD1409,2023-02-23,CUST486,East,Home,Mobile,T-Shirt,854.09,2,56.09
ORD1410,2023-04-11,CUST892,West,Beauty,Table,Phone,4097.58,2,1064.69
ORD1411,2023-09-21,CUST292,North,Electronics,Jeans,Jeans,1199.76,1,61.13
ORD1412,2023-02-22,CUST853,South,Beauty,Sofa,Lipstick,1196.71,2,133.68
ORD1413,2023-03-01,CUST256,East,Clothing,Shirt,Table,2731.17,1,642.44
ORD1414,2023-04-18,CUST413,North,Clothing,Laptop,Lipstick,3005.41,1,387.9
ORD1415,2023-01-05,CUST243,East,Electronics,Mobile,Jeans,2942.42,4,222.07
ORD1416,2023-04-13,CUST191,East,Beauty,Jeans,Jacket,548.29,3,76.79
ORD1417,2023-07-15,CUST556,East,Electronics,Sofa,Phone,4399.56,4,517.38
ORD1418,2023-09-19,CUST416,East,Beauty,Mobile,Phone,1401.44,3,365.32
ORD1419,2023-12-31,CUST247,West,Beauty,Makeup,Jeans,734.62,3,94.28
ORD1420,2023-12-16,CUST670,North,Home,Laptop,Chair,4454.87,3,1101.39
ORD1421,2023-02-16,CUST284,North,Home,Sofa,Phone,4782.69,2,1305.52
ORD1422,2023-12-21,CUST715,North,Home,Makeup,Lipstick,4324.43,4,685.22
ORD1423,2023-11-07,CUST658,East,Electronics,Table,Jeans,4066.63,3,1128.43
ORD1424,2023-11-04,CUST437,West,Home,Shirt,Phone,3310.69,1,477.83
ORD1425,2023-05-24,CUST397,East,Home,Makeup,T-Shirt,2799.2,2,814.62
ORD1426,2023-09-26,CUST835,East,Clothing,Sofa,Jeans,526.24,4,38.06
ORD1427,2023-05-04,CUST528,North,Beauty,Skincare,Jeans,2101.42,3,466.0
ORD1428,2023-04-16,CUST573,East,Beauty,Sofa,Lipstick,1926.17,1,334.1
ORD1429,2023-06-07,CUST894,South,Home,Skincare,Laptop,1372.79,4,201.68
ORD1430,2023-05-27,CUST165,East,Beauty,Table,Phone,3644.76,4,758.76
ORD1431,2023-05-25,CUST950,South,Clothing,Shirt,Phone,2529.79,2,571.64
ORD1432,2023-04-30,CUST409,East,Clothing,Skincare,Jeans,497.13,4,25.4
ORD1433,2023-11-15,CUST905,West,Home,Skincare,T-Shirt,1178.9,2,108.15
ORD1434,2023-10-02,CUST256,West,Clothing,Makeup,T-Shirt,3447.97,3,787.04
ORD1435,2023-04-02,CUST129,North,Beauty,Makeup,Table,473.04,2,102.46
ORD1436,2023-02-27,CUST764,East,Electronics,Shirt,T-Shirt,4270.91,1,1245.02
ORD1437,2023-12-12,CUST459,South,Beauty,Makeup,Phone,2526.22,2,606.95
ORD1438,2023-08-17,CUST351,South,Electronics,Mobile,Chair,2454.87,1,706.25
ORD1439,2023-04-27,CUST252,East,Home,Shirt,Laptop,3002.8,2,677.54
ORD1440,2023-11-14,CUST962,South,Electronics,Laptop,Jeans,4140.94,4,515.6
ORD1441,2023-10-06,CUST344,West,Clothing,Skincare,Jacket,1804.27,3,137.74
ORD1442,2023-05-07,CUST514,South,Beauty,Sofa,Laptop,3422.28,1,840.02
ORD1443,2023-05-09,CUST553,North,Electronics,Laptop,Lipstick,2872.09,2,606.12
ORD1444,2023-02-27,CUST446,West,Beauty,Skincare,Lipstick,1408.44,2,87.39
ORD1445,2023-05-02,CUST969,West,Home,Mobile,Chair,4405.29,2,616.8
ORD1446,2023-01-01,CUST484,West,Home,Skincare,Jacket,4007.39,4,1158.94
ORD1447,2023-08-27,CUST170,East,Clothing,Skincare,Laptop,3326.41,4,582.46
ORD1448,2023-10-17,CUST541,East,Home,Skincare,T-Shirt,4267.85,1,675.1
ORD1449,2023-04-06,CUST419,West,Electronics,Table,Phone,4349.74,1,715.21
ORD1450,2023-05-06,CUST588,East,Home,Mobile,Chair,3570.98,4,365.03
ORD1451,2023-04-28,CUST582,South,Clothing,Jeans,Jacket,4201.37,1,597.34
ORD1452,2023-02-17,CUST306,East,Beauty,Jeans,Chair,3517.61,3,501.1
ORD1453,2023-03-30,CUST677,East,Beauty,Jeans,Laptop,3432.69,3,216.56
ORD1454,2023-08-25,CUST643,West,Home,Shirt,Phone,3131.2,4,757.41
ORD1455,2023-09-29,CUST161,North,Electronics,Makeup,Chair,3788.31,1,583.88
ORD1456,2023-07-08,CUST963,North,Clothing,Mobile,Jacket,877.17,2,224.16
ORD1457,2023-07-11,CUST157,North,Electronics,Laptop,Jeans,4416.27,3,1159.66
ORD1458,2023-03-10,CUST227,South,Clothing,Table,Laptop,4372.03,4,450.31
ORD1459,2023-10-05,CUST289,East,Home,Laptop,Jeans,243.31,1,52.15
ORD1460,2023-12-15,CUST788,North,Clothing,Laptop,T-Shirt,4146.5,4,696.9
ORD1461,2023-09-04,CUST266,West,Clothing,Laptop,Jeans,731.46,2,197.52
ORD1462,2023-03-17,CUST901,North,Home,Table,Jeans,1742.08,3,181.06
ORD1463,2023-06-03,CUST201,North,Electronics,Jeans,Table,3743.19,4,821.46
ORD1464,2023-05-24,CUST203,East,Home,Laptop,Laptop,887.72,4,179.26
ORD1465,2023-03-27,CUST545,East,Clothing,Table,T-Shirt,4108.04,4,508.68
ORD1466,2023-07-04,CUST929,East,Home,Table,Jeans,4177.46,2,351.53
ORD1467,2023-10-12,CUST661,South,Clothing,Makeup,Lipstick,2586.59,4,550.71
ORD1468,2023-08-08,CUST713,South,Home,Table,Phone,131.29,2,30.81
ORD1469,2023-03-10,CUST397,North,Beauty,Jeans,Jacket,1506.49,2,194.2
ORD1470,2023-02-16,CUST868,East,Beauty,Laptop,Jeans,3122.94,2,659.59
ORD1471,2023-04-04,CUST306,North,Home,Table,T-Shirt,4907.81,3,730.2
ORD1472,2023-08-26,CUST403,West,Electronics,Shirt,Jeans,3195.89,3,729.63
ORD1473,2023-07-23,CUST660,West,Clothing,Table,Jacket,1373.04,4,137.03
ORD1474,2023-08-06,CUST817,East,Beauty,Sofa,T-Shirt,3206.63,4,873.98
ORD1475,2023-12-07,CUST416,East,Electronics,Sofa,Laptop,2745.93,3,334.6
ORD1476,2023-02-08,CUST311,West,Clothing,Sofa,T-Shirt,3921.24,1,556.61
ORD1477,2023-04-10,CUST675,East,Beauty,Table,Laptop,624.21,3,40.28
ORD1478,2023-10-16,CUST308,South,Beauty,Jeans,T-Shirt,3829.04,2,298.2
ORD1479,2023-09-11,CUST570,South,Home,Laptop,Lipstick,2752.21,3,492.55
ORD1480,2023-08-10,CUST898,East,Clothing,Mobile,Chair,4818.66,2,563.29
ORD1481,2023-12-23,CUST863,West,Electronics,Mobile,Jacket,1775.17,4,459.54
ORD1482,2023-01-23,CUST252,North,Electronics,Mobile,Jacket,3199.85,1,171.75
ORD1483,2023-09-07,CUST771,East,Electronics,Jeans,T-Shirt,4666.94,4,675.65
ORD1484,2023-01-10,CUST642,East,Clothing,Makeup,Chair,602.3,2,80.91
ORD1485,2023-09-03,CUST965,North,Electronics,Skincare,Jeans,4692.42,2,257.29
ORD1486,2023-11-21,CUST517,East,Electronics,Shirt,Jacket,3470.64,2,281.44
ORD1487,2023-04-10,CUST732,North,Electronics,Shirt,Lipstick,432.4,1,66.33
ORD1488,2023-10-17,CUST455,West,Home,Sofa,Laptop,1574.72,3,272.77
ORD1489,2023-06-29,CUST638,South,Home,Sofa,Laptop,3570.04,4,539.33
ORD1490,2023-08-11,CUST963,West,Clothing,Table,Phone,430.02,4,78.58
ORD1491,2023-09-07,CUST786,South,Clothing,Mobile,Table,2952.64,3,586.93
ORD1492,2023-05-27,CUST173,North,Electronics,Table,Chair,1794.83,4,94.19
ORD1493,2023-04-06,CUST172,South,Home,Skincare,Table,3142.49,1,521.73
ORD1494,2023-09-14,CUST970,West,Beauty,Mobile,Table,324.14,4,94.28
ORD1495,2023-11-21,CUST871,South,Beauty,Sofa,Laptop,4370.53,2,785.64
ORD1496,2023-01-04,CUST557,North,Electronics,Laptop,Lipstick,4870.1,3,1068.43
ORD1497,2023-01-16,CUST857,South,Electronics,Makeup,Lipstick,4847.5,1,620.32
ORD1498,2023-10-07,CUST893,East,Home,Table,Phone,3773.29,3,918.79
ORD1499,2023-12-02,CUST268,West,Home,Makeup,Table,737.42,1,179.36
ORD1500,2023-09-04,CUST920,East,Home,Makeup,Table,3815.49,2,688.02
ORD1501,2023-09-15,CUST955,North,Clothing,Makeup,T-Shirt,220.48,3,64.82
ORD1502,2023-06-09,CUST797,South,Clothing,Sofa,T-Shirt,208.41,4,16.96
ORD1503,2023-12-06,CUST271,East,Electronics,Shirt,T-Shirt,1685.69,1,91.43
ORD1504,2023-06-01,CUST467,East,Clothing,Sofa,Jeans,2494.35,3,604.98
ORD1505,2023-06-27,CUST106,South,Home,Makeup,Table,3875.0,4,975.68
ORD1506,2023-06-12,CUST398,South,Home,Sofa,Lipstick,3448.15,3,276.03
ORD1507,2023-02-02,CUST282,West,Clothing,Makeup,Lipstick,2284.92,3,265.95
ORD1508,2023-06-28,CUST442,East,Beauty,Jeans,Jeans,1440.77,3,78.36
ORD1509,2023-04-11,CUST366,East,Electronics,Mobile,Lipstick,4985.91,1,614.9
ORD1510,2023-09-25,CUST212,North,Beauty,Shirt,Phone,2188.29,4,532.38
ORD1511,2023-11-19,CUST710,West,Electronics,Jeans,Chair,2311.8,2,414.95
ORD1512,2023-03-06,CUST234,North,Beauty,Laptop,Laptop,901.76,1,123.56
ORD1513,2023-06-17,CUST602,East,Clothing,Sofa,Table,3994.57,1,570.96
ORD1514,2023-11-26,CUST843,North,Electronics,Laptop,Lipstick,3499.04,1,176.14
ORD1515,2023-02-12,CUST384,East,Electronics,Table,Laptop,1181.77,2,147.66
ORD1516,2023-02-13,CUST761,East,Electronics,Sofa,Lipstick,503.67,4,106.58
ORD1517,2023-10-12,CUST323,North,Home,Skincare,Chair,3434.45,4,1008.18
ORD1518,2023-01-12,CUST670,North,Home,Skincare,T-Shirt,3307.1,4,865.68
ORD1519,2023-04-05,CUST144,South,Beauty,Mobile,Table,1438.97,3,80.44
ORD1520,2023-10-29,CUST505,South,Clothing,Jeans,Jacket,4759.23,3,1307.08
ORD1521,2023-09-10,CUST686,South,Home,Mobile,Jeans,840.18,3,206.52
ORD1522,2023-08-30,CUST892,East,Electronics,Table,Jeans,2218.44,2,543.73
ORD1523,2023-02-04,CUST634,North,Home,Makeup,Table,4723.72,3,777.05
ORD1524,2023-08-03,CUST552,West,Clothing,Mobile,Chair,2156.66,2,322.42
ORD1525,2023-12-03,CUST921,East,Home,Mobile,T-Shirt,3228.78,4,405.95
ORD1526,2023-03-31,CUST907,West,Electronics,Skincare,Jeans,2048.21,3,136.05
ORD1527,2023-09-21,CUST638,North,Beauty,Makeup,T-Shirt,1443.65,3,154.56
ORD1528,2023-04-03,CUST916,East,Electronics,Skincare,Phone,4921.49,1,549.49
ORD1529,2023-03-31,CUST166,West,Clothing,Sofa,Laptop,2105.74,2,360.12
ORD1530,2023-04-25,CUST745,West,Beauty,Makeup,Chair,4481.09,4,1061.4
ORD1531,2023-04-15,CUST884,South,Home,Jeans,Jacket,1226.78,1,206.65
ORD1532,2023-07-15,CUST901,South,Home,Mobile,Laptop,1144.21,1,73.76
ORD1533,2023-11-10,CUST808,South,Home,Skincare,Laptop,252.56,4,73.1
ORD1534,2023-04-24,CUST605,East,Beauty,Makeup,Phone,3293.17,1,940.8
ORD1535,2023-03-16,CUST731,North,Electronics,Table,Jeans,1905.78,2,469.39
ORD1536,2023-08-05,CUST623,North,Beauty,Table,Jacket,4335.36,2,1291.21
ORD1537,2023-10-04,CUST595,South,Beauty,Mobile,Jeans,2418.73,3,450.18
ORD1538,2023-09-06,CUST807,South,Clothing,Jeans,Table,4844.15,1,1408.16
ORD1539,2023-06-13,CUST149,South,Beauty,Laptop,Laptop,1009.08,3,69.53
ORD1540,2023-12-23,CUST260,West,Home,Skincare,Table,4356.25,1,616.06
ORD1541,2023-07-11,CUST890,South,Electronics,Jeans,T-Shirt,3905.32,2,415.31
ORD1542,2023-08-15,CUST723,West,Electronics,Shirt,Laptop,3877.52,2,383.71
ORD1543,2023-06-26,CUST248,North,Electronics,Shirt,Jeans,4239.44,2,361.2
ORD1544,2023-04-09,CUST841,East,Home,Shirt,Laptop,3829.02,1,787.26
ORD1545,2023-02-05,CUST464,East,Home,Mobile,T-Shirt,3168.48,2,777.32
ORD1546,2023-04-06,CUST832,East,Home,Table,Phone,743.1,1,144.59
ORD1547,2023-06-01,CUST479,East,Home,Sofa,Table,259.38,3,22.5
ORD1548,2023-05-31,CUST535,West,Home,Skincare,Lipstick,4612.15,1,1165.86
ORD1549,2023-07-09,CUST887,West,Beauty,Table,Table,3121.59,3,652.38
ORD1550,2023-08-12,CUST639,South,Home,Sofa,Jeans,4003.03,1,588.61
ORD1551,2023-02-06,CUST553,West,Home,Sofa,Laptop,2459.46,3,537.47
ORD1552,2023-09-25,CUST952,South,Home,Table,Jeans,674.81,2,77.59
ORD1553,2023-07-02,CUST331,South,Home,Skincare,Phone,713.41,3,97.24
ORD1554,2023-01-13,CUST451,East,Electronics,Mobile,Laptop,3459.27,2,966.42
ORD1555,2023-10-06,CUST517,West,Home,Jeans,Lipstick,2208.5,2,270.82
ORD1556,2023-08-05,CUST347,West,Beauty,Sofa,Laptop,1082.57,3,181.33
ORD1557,2023-12-21,CUST645,South,Beauty,Laptop,Lipstick,2508.81,1,683.74
ORD1558,2023-12-27,CUST843,South,Beauty,Table,Jeans,414.62,1,94.09
ORD1559,2023-10-13,CUST116,North,Clothing,Table,Jeans,2951.66,4,193.48
ORD1560,2023-09-30,CUST431,North,Electronics,Shirt,T-Shirt,1418.07,1,123.13
ORD1561,2023-03-03,CUST874,South,Home,Jeans,Chair,4008.04,4,208.26
ORD1562,2023-03-25,CUST417,North,Clothing,Shirt,Chair,1620.77,1,336.68
ORD1563,2023-08-05,CUST647,North,Home,Table,Phone,2330.58,1,377.36
ORD1564,2023-12-08,CUST712,South,Clothing,Table,Chair,156.94,2,13.12
ORD1565,2023-07-06,CUST352,South,Clothing,Sofa,T-Shirt,454.99,4,131.71
ORD1566,2023-01-19,CUST205,West,Beauty,Jeans,Table,2023.22,1,369.07
ORD1567,2023-06-26,CUST412,South,Beauty,Makeup,Lipstick,2451.7,4,270.85
ORD1568,2023-04-10,CUST392,South,Clothing,Laptop,Laptop,3040.1,2,532.48
ORD1569,2023-08-21,CUST133,East,Beauty,Skincare,Jeans,1529.15,2,336.27
ORD1570,2023-03-17,CUST835,West,Clothing,Sofa,Laptop,3505.41,4,242.08
ORD1571,2023-09-22,CUST965,West,Electronics,Table,Laptop,4314.6,2,512.04
ORD1572,2023-10-11,CUST722,West,Beauty,Skincare,Jacket,3921.27,3,987.15
ORD1573,2023-07-25,CUST716,East,Beauty,Sofa,Table,294.13,3,48.51
ORD1574,2023-08-11,CUST402,South,Beauty,Laptop,Jacket,2454.48,2,458.11
ORD1575,2023-02-21,CUST751,West,Electronics,Table,Chair,614.16,3,97.16
ORD1576,2023-12-05,CUST596,West,Clothing,Laptop,Laptop,1286.02,1,78.42
ORD1577,2023-05-24,CUST728,North,Home,Skincare,Lipstick,4934.65,4,451.21
ORD1578,2023-03-10,CUST263,West,Beauty,Makeup,Jeans,798.23,1,128.82
ORD1579,2023-04-09,CUST952,South,Clothing,Sofa,Lipstick,2544.55,4,260.3
ORD1580,2023-01-25,CUST219,South,Electronics,Mobile,Laptop,3128.96,2,195.54
ORD1581,2023-02-22,CUST913,North,Home,Sofa,Table,3542.08,1,924.17
ORD1582,2023-05-31,CUST518,West,Beauty,Shirt,Lipstick,2842.28,2,839.32
ORD1583,2023-05-24,CUST183,West,Electronics,Jeans,Jacket,147.88,2,36.72
ORD1584,2023-02-26,CUST204,West,Electronics,Jeans,Jeans,1699.66,4,447.77
ORD1585,2023-02-08,CUST371,East,Home,Shirt,Laptop,2636.79,4,291.35
ORD1586,2023-04-19,CUST256,West,Clothing,Table,Phone,530.55,4,153.94
ORD1587,2023-06-30,CUST670,South,Beauty,Jeans,Table,1818.07,1,180.41
ORD1588,2023-02-11,CUST161,South,Beauty,Laptop,Table,262.7,3,75.62
ORD1589,2023-07-05,CUST391,East,Clothing,Skincare,Phone,485.03,4,144.88
ORD1590,2023-08-11,CUST806,East,Clothing,Skincare,Lipstick,2044.92,4,466.1
ORD1591,2023-05-02,CUST167,West,Clothing,Jeans,Laptop,750.31,1,221.56
ORD1592,2023-05-13,CUST714,North,Home,Jeans,Table,2880.95,4,554.25
ORD1593,2023-06-12,CUST177,East,Home,Shirt,Jeans,3478.38,1,399.62
ORD1594,2023-08-03,CUST515,East,Beauty,Table,Laptop,4022.87,2,640.64
ORD1595,2023-08-09,CUST675,West,Home,Makeup,Laptop,1080.74,4,214.41
ORD1596,2023-08-23,CUST966,West,Electronics,Jeans,Jacket,920.66,4,62.85
ORD1597,2023-11-27,CUST867,East,Beauty,Mobile,Table,612.38,2,125.9
ORD1598,2023-05-26,CUST261,North,Home,Jeans,Table,3218.51,2,950.41
ORD1599,2023-08-27,CUST190,East,Clothing,Makeup,Phone,3561.73,2,347.36
ORD1600,2023-03-17,CUST329,West,Electronics,Shirt,Jacket,254.77,4,63.22
ORD1601,2023-01-09,CUST451,West,Clothing,Makeup,Lipstick,4687.44,3,1298.3
ORD1602,2023-03-15,CUST722,East,Beauty,Shirt,Chair,354.66,3,101.41
ORD1603,2023-09-10,CUST403,North,Clothing,Laptop,Lipstick,2752.35,3,798.27
ORD1604,2023-08-18,CUST393,East,Home,Shirt,Lipstick,3574.4,4,644.7
ORD1605,2023-01-07,CUST921,East,Home,Laptop,Jacket,4367.75,2,1285.55
ORD1606,2023-06-23,CUST582,West,Beauty,Laptop,Table,3599.03,4,861.35
ORD1607,2023-05-21,CUST355,North,Clothing,Shirt,Laptop,4028.47,2,364.25
ORD1608,2023-06-17,CUST669,South,Beauty,Mobile,Jacket,1763.31,4,298.4
ORD1609,2023-06-19,CUST704,North,Clothing,Sofa,Phone,4092.64,4,939.6
ORD1610,2023-10-10,CUST407,East,Electronics,Shirt,Jacket,492.56,2,55.09
ORD1611,2023-05-02,CUST872,East,Home,Jeans,Phone,4484.6,3,942.46
ORD1612,2023-07-13,CUST139,East,Beauty,Mobile,Lipstick,2783.2,2,602.98
ORD1613,2023-01-05,CUST451,North,Electronics,Mobile,Chair,4104.76,1,372.2
ORD1614,2023-01-29,CUST298,West,Electronics,Jeans,Jacket,2316.36,1,443.05
ORD1615,2023-06-14,CUST809,East,Beauty,Sofa,Phone,3253.53,2,790.3
ORD1616,2023-12-05,CUST137,East,Beauty,Mobile,Jacket,2679.37,4,468.15
ORD1617,2023-05-16,CUST566,North,Electronics,Laptop,Chair,3684.79,1,195.39
ORD1618,2023-12-31,CUST226,South,Clothing,Skincare,Lipstick,499.99,1,26.13
ORD1619,2023-11-17,CUST836,South,Electronics,Sofa,Jacket,395.73,4,55.11
ORD1620,2023-12-08,CUST404,West,Beauty,Table,Jeans,1310.81,4,369.06
ORD1621,2023-05-25,CUST296,West,Electronics,Jeans,Phone,881.77,3,94.5
ORD1622,2023-11-23,CUST111,East,Clothing,Sofa,Chair,4371.74,4,911.91
ORD1623,2023-08-05,CUST320,North,Home,Shirt,Phone,1174.15,2,123.9
ORD1624,2023-10-28,CUST947,East,Home,Skincare,Phone,4881.74,2,636.66
ORD1625,2023-05-12,CUST206,West,Electronics,Sofa,T-Shirt,1750.79,3,458.73
ORD1626,2023-10-19,CUST531,North,Clothing,Laptop,Chair,992.38,1,230.45
ORD1627,2023-03-11,CUST216,North,Home,Skincare,Jacket,3969.52,1,293.15
ORD1628,2023-09-09,CUST300,West,Electronics,Shirt,Phone,3327.67,4,523.03
ORD1629,2023-10-02,CUST501,South,Electronics,Makeup,Table,2541.16,2,145.59
ORD1630,2023-12-30,CUST510,South,Clothing,Jeans,T-Shirt,2821.28,1,480.25
ORD1631,2023-07-01,CUST501,North,Beauty,Skincare,Jeans,3624.09,3,781.38
ORD1632,2023-06-16,CUST310,East,Electronics,Jeans,Phone,1219.43,3,97.1
ORD1633,2023-04-01,CUST314,South,Beauty,Sofa,Lipstick,4982.04,2,608.91
ORD1634,2023-07-21,CUST445,East,Beauty,Mobile,Phone,4876.49,3,728.84
ORD1635,2023-12-12,CUST557,South,Home,Shirt,T-Shirt,3286.6,3,919.86
ORD1636,2023-01-19,CUST682,South,Beauty,Makeup,Jacket,1077.76,2,321.51
ORD1637,2023-02-08,CUST940,East,Clothing,Shirt,Table,3433.12,4,210.2
ORD1638,2023-05-06,CUST557,West,Home,Jeans,Lipstick,453.77,4,109.02
ORD1639,2023-06-22,CUST744,South,Home,Shirt,Jeans,250.2,3,35.76
ORD1640,2023-05-21,CUST739,South,Home,Makeup,Lipstick,1362.65,4,201.83
ORD1641,2023-08-30,CUST856,East,Electronics,Mobile,Phone,2366.85,4,564.65
ORD1642,2023-08-08,CUST460,West,Electronics,Sofa,Jacket,4354.54,3,1217.56
ORD1643,2023-05-06,CUST650,South,Beauty,Laptop,Chair,3663.13,4,1054.0
ORD1644,2023-02-27,CUST618,South,Home,Shirt,Table,3739.26,3,726.47
ORD1645,2023-05-28,CUST221,West,Home,Skincare,Chair,2184.92,1,304.32
ORD1646,2023-11-13,CUST105,South,Clothing,Laptop,Table,1795.08,2,443.18
ORD1647,2023-12-27,CUST739,West,Beauty,Jeans,Jeans,1918.09,2,216.27
ORD1648,2023-01-01,CUST948,West,Clothing,Sofa,Laptop,4939.48,4,943.53
ORD1649,2023-12-14,CUST269,East,Beauty,Table,Table,296.54,4,41.41
ORD1650,2023-07-09,CUST676,North,Beauty,Sofa,Laptop,4348.45,4,931.25
ORD1651,2023-07-10,CUST652,West,Electronics,Shirt,Chair,2935.51,2,323.2
ORD1652,2023-11-08,CUST385,East,Electronics,Skincare,Table,2249.22,1,220.19
ORD1653,2023-04-27,CUST302,North,Clothing,Mobile,Jeans,3653.76,1,1021.44
ORD1654,2023-05-14,CUST400,South,Beauty,Sofa,T-Shirt,2484.68,2,187.47
ORD1655,2023-02-27,CUST607,North,Home,Shirt,Jeans,4379.77,1,772.98
ORD1656,2023-02-13,CUST761,West,Electronics,Shirt,Jeans,4513.44,2,474.87
ORD1657,2023-06-22,CUST592,West,Home,Laptop,T-Shirt,2166.43,1,129.41
ORD1658,2023-06-09,CUST240,West,Clothing,Sofa,T-Shirt,1456.46,3,85.94
ORD1659,2023-06-22,CUST119,West,Electronics,Shirt,Jacket,3002.52,3,281.65
ORD1660,2023-11-13,CUST355,West,Electronics,Laptop,Table,4570.58,2,1218.94
ORD1661,2023-10-30,CUST622,East,Beauty,Skincare,Chair,1132.24,1,136.57
ORD1662,2023-05-29,CUST716,West,Clothing,Makeup,Jacket,3152.54,4,906.72
ORD1663,2023-03-21,CUST641,East,Beauty,Skincare,T-Shirt,3194.65,1,624.25
ORD1664,2023-08-01,CUST766,South,Electronics,Table,Laptop,3692.25,3,587.63
ORD1665,2023-07-22,CUST375,West,Clothing,Laptop,Chair,744.68,3,145.23
ORD1666,2023-09-09,CUST574,West,Electronics,Laptop,Laptop,3607.54,1,646.38
ORD1667,2023-08-17,CUST568,North,Clothing,Shirt,Jeans,4554.26,1,1091.63
ORD1668,2023-06-13,CUST350,South,Electronics,Jeans,Phone,980.45,4,118.27
ORD1669,2023-08-15,CUST553,West,Home,Jeans,Jeans,1263.96,4,174.76
ORD1670,2023-05-27,CUST855,West,Home,Mobile,Jeans,4859.84,1,1329.28
ORD1671,2023-01-20,CUST499,South,Beauty,Jeans,Phone,986.79,1,282.83
ORD1672,2023-02-16,CUST781,East,Home,Laptop,Table,4286.49,1,1170.81
ORD1673,2023-08-21,CUST864,West,Electronics,Mobile,T-Shirt,2512.16,1,389.04
ORD1674,2023-11-01,CUST736,North,Electronics,Skincare,Laptop,1311.43,2,321.42
ORD1675,2023-01-14,CUST109,West,Home,Shirt,Jeans,4366.67,1,738.33
ORD1676,2023-05-23,CUST587,North,Beauty,Skincare,Phone,2282.0,4,397.95
ORD1677,2023-01-01,CUST825,North,Home,Sofa,Jacket,2622.61,3,265.33
ORD1678,2023-02-23,CUST694,West,Clothing,Table,Jeans,1860.24,2,367.92
ORD1679,2023-09-16,CUST981,West,Clothing,Table,Laptop,3005.46,1,290.13
ORD1680,2023-05-24,CUST133,North,Clothing,Laptop,T-Shirt,901.27,3,119.77
ORD1681,2023-01-12,CUST274,South,Home,Laptop,Jeans,2016.3,2,531.81
ORD1682,2023-11-26,CUST836,South,Home,Mobile,Jeans,4850.12,3,493.59
ORD1683,2023-08-12,CUST591,West,Home,Shirt,Table,1364.85,1,92.52
ORD1684,2023-09-29,CUST913,East,Clothing,Makeup,Lipstick,3318.01,1,223.14
ORD1685,2023-12-24,CUST491,South,Beauty,Laptop,Phone,1693.43,4,482.96
ORD1686,2023-06-05,CUST241,West,Electronics,Makeup,Jacket,3890.02,1,687.48
ORD1687,2023-01-08,CUST622,South,Home,Skincare,Jacket,741.28,1,112.94
ORD1688,2023-05-02,CUST709,East,Beauty,Makeup,Chair,4852.12,2,1226.23
ORD1689,2023-12-14,CUST115,West,Electronics,Jeans,T-Shirt,2323.57,4,601.7
ORD1690,2023-06-13,CUST505,East,Electronics,Shirt,Chair,1256.65,2,167.19
ORD1691,2023-03-31,CUST471,West,Electronics,Table,Laptop,460.13,3,102.8
ORD1692,2023-05-16,CUST231,East,Beauty,Table,T-Shirt,931.81,1,226.23
ORD1693,2023-07-05,CUST595,South,Beauty,Makeup,Jeans,2646.89,3,565.54
ORD1694,2023-11-12,CUST842,South,Clothing,Table,Lipstick,1751.32,2,153.94
ORD1695,2023-06-27,CUST186,East,Beauty,Skincare,Jeans,4161.53,1,1119.33
ORD1696,2023-01-28,CUST252,East,Beauty,Shirt,Jacket,2211.35,1,408.6
ORD1697,2023-08-08,CUST578,East,Beauty,Jeans,Laptop,1318.7,2,159.06
ORD1698,2023-12-23,CUST835,West,Electronics,Shirt,Phone,3124.01,2,488.3
ORD1699,2023-02-10,CUST698,South,Home,Laptop,Laptop,3563.21,2,211.63
ORD1700,2023-08-16,CUST526,West,Clothing,Makeup,Jeans,918.51,2,75.29
ORD1701,2023-07-11,CUST334,South,Home,Shirt,Phone,921.33,2,222.4
ORD1702,2023-05-25,CUST590,North,Home,Skincare,Laptop,279.69,1,13.99
ORD1703,2023-07-20,CUST877,West,Beauty,Table,Lipstick,3708.37,2,571.61
ORD1704,2023-07-31,CUST968,South,Clothing,Sofa,Lipstick,3352.64,1,605.58
ORD1705,2023-08-08,CUST764,South,Home,Shirt,Laptop,2425.69,1,154.42
ORD1706,2023-08-28,CUST556,West,Home,Makeup,Phone,4236.44,2,1242.42
ORD1707,2023-02-15,CUST655,West,Clothing,Jeans,Jeans,4047.78,2,431.22
ORD1708,2023-02-04,CUST615,South,Beauty,Table,Laptop,2968.24,4,374.15
ORD1709,2023-09-10,CUST354,West,Home,Jeans,Phone,4354.53,1,548.61
ORD1710,2023-03-23,CUST483,East,Electronics,Makeup,Table,1108.62,2,119.29
ORD1711,2023-09-13,CUST295,West,Home,Table,Lipstick,648.41,2,32.66
ORD1712,2023-07-16,CUST779,West,Electronics,Laptop,Table,1421.77,2,330.33
ORD1713,2023-10-30,CUST503,West,Beauty,Table,Jeans,379.73,4,110.77
ORD1714,2023-01-10,CUST153,South,Home,Laptop,Phone,2702.73,4,286.69
ORD1715,2023-11-08,CUST789,East,Clothing,Jeans,Table,4689.37,3,1011.79
ORD1716,2023-10-13,CUST273,North,Clothing,Jeans,Phone,292.78,1,68.94
ORD1717,2023-08-30,CUST676,North,Home,Makeup,Laptop,698.34,3,183.04
ORD1718,2023-09-08,CUST975,East,Beauty,Laptop,Jeans,2315.78,2,360.47
ORD1719,2023-12-31,CUST338,East,Beauty,Jeans,Table,4675.99,4,587.92
ORD1720,2023-01-05,CUST773,East,Clothing,Laptop,Chair,1649.16,4,216.57
ORD1721,2023-04-29,CUST944,South,Home,Jeans,Laptop,2585.45,3,589.88
ORD1722,2023-10-16,CUST490,North,Beauty,Table,Lipstick,303.71,4,77.2
ORD1723,2023-03-06,CUST723,East,Clothing,Shirt,Chair,826.88,2,78.89
ORD1724,2023-05-26,CUST640,South,Electronics,Skincare,Chair,4934.49,4,704.33
ORD1725,2023-08-12,CUST144,North,Home,Sofa,T-Shirt,4829.08,3,1330.34
ORD1726,2023-08-27,CUST899,West,Electronics,Skincare,T-Shirt,124.21,2,31.26
ORD1727,2023-06-26,CUST842,South,Electronics,Table,Jeans,4763.88,3,1411.13
ORD1728,2023-09-24,CUST799,North,Beauty,Mobile,Table,3231.69,4,770.96
ORD1729,2023-12-07,CUST280,South,Beauty,Skincare,Table,4352.8,3,645.52
ORD1730,2023-10-09,CUST843,North,Beauty,Shirt,Table,2328.23,3,460.2
ORD1731,2023-03-04,CUST885,North,Home,Mobile,Phone,2626.42,1,565.35
ORD1732,2023-08-05,CUST136,West,Electronics,Jeans,Laptop,2495.35,4,173.71
ORD1733,2023-12-08,CUST127,South,Home,Sofa,Table,3367.63,4,626.8
ORD1734,2023-11-11,CUST374,East,Beauty,Sofa,Laptop,784.29,3,178.29
ORD1735,2023-10-10,CUST647,West,Electronics,Jeans,Jeans,246.87,1,22.67
ORD1736,2023-06-26,CUST304,West,Home,Jeans,Chair,1608.86,4,394.42
ORD1737,2023-04-08,CUST824,North,Home,Laptop,Table,3552.94,2,696.17
ORD1738,2023-04-15,CUST903,East,Clothing,Jeans,Jeans,1089.08,3,313.72
ORD1739,2023-04-09,CUST597,South,Home,Makeup,Table,3399.82,4,206.05
ORD1740,2023-11-07,CUST985,East,Beauty,Skincare,T-Shirt,4852.57,2,564.51
ORD1741,2023-01-06,CUST887,East,Home,Jeans,Jacket,560.11,4,112.24
ORD1742,2023-07-16,CUST226,East,Electronics,Makeup,Jeans,3395.75,2,421.55
ORD1743,2023-12-17,CUST349,East,Home,Jeans,Table,2274.38,3,519.94
ORD1744,2023-05-13,CUST640,East,Clothing,Laptop,Lipstick,4353.9,4,1043.85
ORD1745,2023-12-24,CUST105,North,Electronics,Makeup,Jacket,968.03,4,73.21
ORD1746,2023-09-16,CUST141,North,Electronics,Skincare,Jeans,3493.87,1,623.53
ORD1747,2023-01-23,CUST623,West,Clothing,Shirt,Lipstick,4206.76,3,745.53
ORD1748,2023-02-22,CUST218,North,Beauty,Makeup,Lipstick,4728.61,2,672.98
ORD1749,2023-06-14,CUST223,West,Electronics,Table,Phone,3447.92,4,976.56
ORD1750,2023-07-21,CUST446,West,Beauty,Laptop,Lipstick,2536.16,4,651.48
ORD1751,2023-03-24,CUST158,South,Electronics,Mobile,Table,3127.45,2,701.49
ORD1752,2023-05-25,CUST562,East,Electronics,Skincare,Phone,4357.63,3,996.07
ORD1753,2023-03-26,CUST496,North,Beauty,Makeup,T-Shirt,2895.99,1,479.08
ORD1754,2023-03-19,CUST476,South,Electronics,Table,Table,248.9,1,69.75
ORD1755,2023-01-01,CUST478,North,Beauty,Table,Chair,4661.65,4,1042.57
ORD1756,2023-02-20,CUST443,West,Clothing,Skincare,Lipstick,3478.68,2,807.91
ORD1757,2023-06-22,CUST172,North,Beauty,Skincare,T-Shirt,3414.92,4,906.4
ORD1758,2023-07-24,CUST834,East,Clothing,Table,Jacket,1156.81,2,137.1
ORD1759,2023-09-17,CUST999,West,Electronics,Jeans,Jeans,3328.54,1,838.02
ORD1760,2023-10-15,CUST584,West,Beauty,Table,Lipstick,2029.94,3,200.58
ORD1761,2023-02-03,CUST893,South,Electronics,Jeans,Laptop,3291.04,2,448.69
ORD1762,2023-12-14,CUST124,East,Beauty,Mobile,T-Shirt,622.31,1,83.33
ORD1763,2023-04-05,CUST454,West,Clothing,Laptop,Laptop,3323.44,4,979.19
ORD1764,2023-03-13,CUST661,East,Clothing,Sofa,Lipstick,4997.13,2,1319.91
ORD1765,2023-02-08,CUST324,North,Beauty,Jeans,Laptop,336.24,3,75.75
ORD1766,2023-06-03,CUST227,East,Clothing,Table,Lipstick,4888.15,4,1132.9
ORD1767,2023-09-07,CUST848,West,Electronics,Table,Jeans,2093.85,4,398.92
ORD1768,2023-06-11,CUST542,South,Electronics,Shirt,Jacket,4366.69,1,1252.25
ORD1769,2023-04-28,CUST688,West,Home,Table,Jeans,3933.69,2,684.72
ORD1770,2023-09-16,CUST583,East,Clothing,Laptop,Table,2878.38,4,417.74
ORD1771,2023-11-02,CUST997,East,Electronics,Makeup,T-Shirt,3718.4,3,337.48
ORD1772,2023-09-25,CUST353,West,Beauty,Makeup,Laptop,4404.73,2,1085.99
ORD1773,2023-02-23,CUST519,East,Clothing,Table,Jeans,2080.29,3,485.98
ORD1774,2023-08-24,CUST657,North,Electronics,Shirt,Lipstick,1702.46,4,248.71
ORD1775,2023-08-10,CUST343,West,Clothing,Jeans,Jeans,3371.21,3,189.79
ORD1776,2023-09-08,CUST694,South,Beauty,Laptop,Jeans,4058.45,1,1054.18
ORD1777,2023-11-09,CUST800,West,Electronics,Shirt,T-Shirt,3835.2,3,202.71
ORD1778,2023-04-22,CUST107,North,Home,Jeans,Jacket,4009.29,2,905.8
ORD1779,2023-09-12,CUST340,North,Home,Laptop,Chair,2234.36,3,653.69
ORD1780,2023-10-30,CUST655,North,Clothing,Table,Jeans,4107.39,3,654.78
ORD1781,2023-07-26,CUST487,North,Beauty,Makeup,T-Shirt,689.02,1,74.93
ORD1782,2023-08-17,CUST513,North,Electronics,Laptop,Laptop,2768.0,3,626.17
ORD1783,2023-12-07,CUST358,South,Beauty,Table,Lipstick,128.22,3,32.6
ORD1784,2023-03-07,CUST924,East,Electronics,Mobile,Table,1690.47,4,315.45
ORD1785,2023-03-16,CUST191,North,Clothing,Sofa,Chair,1895.66,4,553.08
ORD1786,2023-04-13,CUST327,North,Electronics,Laptop,Phone,2041.25,2,128.43
ORD1787,2023-07-11,CUST864,West,Beauty,Sofa,Chair,3507.79,4,618.07
ORD1788,2023-09-09,CUST730,South,Beauty,Laptop,Lipstick,2003.93,4,460.13
ORD1789,2023-08-14,CUST847,South,Clothing,Sofa,Chair,2298.6,4,610.65
ORD1790,2023-10-21,CUST882,East,Beauty,Mobile,Lipstick,1263.97,4,119.84
ORD1791,2023-11-02,CUST984,South,Electronics,Makeup,T-Shirt,1928.93,1,482.23
ORD1792,2023-04-08,CUST751,West,Clothing,Skincare,Phone,1213.62,4,228.38
ORD1793,2023-12-04,CUST995,West,Electronics,Jeans,Jeans,458.66,1,68.4
ORD1794,2023-10-13,CUST338,East,Beauty,Sofa,Jeans,3056.9,1,253.5
ORD1795,2023-12-01,CUST519,West,Clothing,Mobile,Chair,3374.24,4,898.64
ORD1796,2023-12-13,CUST340,North,Electronics,Sofa,T-Shirt,3135.5,3,280.06
ORD1797,2023-11-04,CUST396,North,Beauty,Makeup,Phone,2371.12,1,302.19
ORD1798,2023-09-06,CUST389,West,Beauty,Sofa,Jeans,1960.95,3,240.24
ORD1799,2023-06-15,CUST887,East,Home,Mobile,Laptop,4330.33,3,1159.89
ORD1800,2023-12-01,CUST349,South,Beauty,Table,Jacket,2643.5,4,576.75
ORD1801,2023-01-30,CUST434,East,Electronics,Mobile,Jacket,2447.99,2,609.97
ORD1802,2023-09-04,CUST886,South,Clothing,Skincare,Jeans,225.65,4,25.41
ORD1803,2023-04-16,CUST732,West,Home,Skincare,Phone,1772.11,2,365.44
ORD1804,2023-02-20,CUST684,West,Beauty,Skincare,Table,1962.96,2,378.73
ORD1805,2023-03-22,CUST785,North,Beauty,Shirt,Jeans,2054.23,4,530.42
ORD1806,2023-05-13,CUST190,South,Beauty,Makeup,Table,2942.84,4,813.76
ORD1807,2023-10-12,CUST279,East,Electronics,Table,Table,2714.65,2,143.98
ORD1808,2023-05-18,CUST370,West,Home,Shirt,Lipstick,3078.73,4,672.72
ORD1809,2023-07-03,CUST581,East,Electronics,Makeup,Lipstick,3847.93,2,242.26
ORD1810,2023-11-26,CUST551,North,Home,Table,Phone,4083.63,3,764.52
ORD1811,2023-09-30,CUST136,South,Clothing,Sofa,Table,3618.8,4,441.16
ORD1812,2023-12-06,CUST289,South,Electronics,Table,Laptop,4782.07,3,605.86
ORD1813,2023-03-10,CUST388,West,Electronics,Mobile,Phone,189.34,1,26.17
ORD1814,2023-02-03,CUST583,South,Clothing,Shirt,Jeans,1059.31,3,217.5
ORD1815,2023-09-19,CUST603,West,Home,Sofa,Chair,137.06,3,18.3
ORD1816,2023-02-22,CUST293,North,Beauty,Mobile,Laptop,3272.63,2,763.09
ORD1817,2023-07-24,CUST830,South,Clothing,Makeup,T-Shirt,4500.35,3,680.15
ORD1818,2023-05-06,CUST493,West,Beauty,Table,Jacket,1293.06,4,86.75
ORD1819,2023-08-23,CUST502,East,Beauty,Mobile,Jeans,4642.47,2,1141.77
ORD1820,2023-02-12,CUST938,West,Clothing,Sofa,Jeans,395.31,1,48.01
ORD1821,2023-08-28,CUST265,South,Home,Shirt,Jeans,4678.74,4,740.14
ORD1822,2023-04-21,CUST660,North,Beauty,Shirt,Laptop,1822.95,1,403.53
ORD1823,2023-09-06,CUST761,South,Clothing,Skincare,T-Shirt,596.96,3,79.46
ORD1824,2023-05-31,CUST948,South,Electronics,Table,Chair,2480.77,4,159.13
ORD1825,2023-07-02,CUST559,West,Electronics,Mobile,Phone,1358.21,4,194.88
ORD1826,2023-12-02,CUST887,East,Electronics,Skincare,Lipstick,1495.88,1,427.99
ORD1827,2023-04-05,CUST656,South,Clothing,Sofa,T-Shirt,1605.72,4,337.9
ORD1828,2023-01-08,CUST524,East,Electronics,Skincare,Laptop,4034.83,4,879.07
ORD1829,2023-12-26,CUST193,West,Beauty,Laptop,Jeans,2741.89,4,570.51
ORD1830,2023-07-03,CUST435,East,Electronics,Makeup,Jacket,1625.41,3,162.13
ORD1831,2023-10-08,CUST228,West,Electronics,Skincare,Jeans,3090.64,1,477.76
ORD1832,2023-07-14,CUST862,North,Beauty,Makeup,Phone,3609.14,4,858.02
ORD1833,2023-12-18,CUST286,East,Electronics,Sofa,Table,1435.86,2,108.18
ORD1834,2023-07-14,CUST365,East,Beauty,Laptop,Jacket,2126.39,2,254.03
ORD1835,2023-06-04,CUST866,North,Electronics,Shirt,Jeans,697.24,2,83.03
ORD1836,2023-04-03,CUST303,East,Beauty,Table,Chair,987.63,2,156.05
ORD1837,2023-06-09,CUST443,North,Electronics,Jeans,Jacket,3437.48,3,1014.37
ORD1838,2023-03-02,CUST542,South,Beauty,Jeans,Table,989.05,4,66.14
ORD1839,2023-05-02,CUST396,West,Clothing,Table,Lipstick,2673.3,1,480.33
ORD1840,2023-02-20,CUST740,North,Beauty,Sofa,T-Shirt,3574.33,4,338.99
ORD1841,2023-10-04,CUST640,East,Electronics,Laptop,Laptop,623.7,3,182.54
ORD1842,2023-01-05,CUST673,North,Electronics,Laptop,Lipstick,2879.83,2,225.57
ORD1843,2023-04-02,CUST597,East,Home,Makeup,Jeans,1357.16,3,204.8
ORD1844,2023-06-19,CUST573,South,Beauty,Shirt,Phone,4818.34,4,1129.76
ORD1845,2023-11-13,CUST968,North,Clothing,Mobile,T-Shirt,2469.37,1,558.42
ORD1846,2023-01-22,CUST958,South,Beauty,Skincare,Lipstick,4049.36,3,630.41
ORD1847,2023-11-22,CUST567,West,Beauty,Laptop,Jeans,2796.11,1,382.04
ORD1848,2023-01-01,CUST110,East,Clothing,Table,T-Shirt,312.72,3,46.72
ORD1849,2023-05-13,CUST986,East,Beauty,Mobile,Lipstick,3202.44,1,371.7
ORD1850,2023-08-21,CUST101,South,Clothing,Jeans,Phone,4761.88,1,482.54
ORD1851,2023-01-12,CUST669,West,Clothing,Mobile,Jeans,3047.9,2,520.46
ORD1852,2023-12-12,CUST460,North,Beauty,Shirt,Table,4114.03,1,481.89
ORD1853,2023-02-15,CUST375,North,Beauty,Table,Table,4432.61,2,540.18
ORD1854,2023-02-03,CUST228,East,Electronics,Shirt,Phone,1217.59,4,260.79
ORD1855,2023-03-19,CUST686,South,Electronics,Mobile,Jacket,1139.02,4,332.75
ORD1856,2023-08-06,CUST345,South,Home,Skincare,Phone,3093.81,2,621.58
ORD1857,2023-10-28,CUST866,North,Home,Sofa,Jacket,2114.04,2,146.39
ORD1858,2023-03-14,CUST313,West,Beauty,Laptop,Jeans,4215.32,3,290.42
ORD1859,2023-10-09,CUST495,West,Clothing,Table,Lipstick,4510.11,3,1298.26
ORD1860,2023-09-06,CUST775,North,Home,Sofa,Jacket,1831.76,3,227.73
ORD1861,2023-02-16,CUST456,North,Beauty,Mobile,Jeans,1260.67,4,92.05
ORD1862,2023-05-01,CUST831,South,Home,Laptop,Jeans,3924.58,3,783.98
ORD1863,2023-08-02,CUST899,West,Clothing,Makeup,Chair,1446.55,1,297.86
ORD1864,2023-08-27,CUST118,North,Beauty,Sofa,Laptop,4130.81,1,876.25
ORD1865,2023-02-25,CUST905,North,Clothing,Sofa,Jeans,2176.32,3,254.3
ORD1866,2023-12-16,CUST470,East,Beauty,Mobile,Jacket,3370.99,1,181.28
ORD1867,2023-04-17,CUST156,North,Home,Jeans,Laptop,568.12,4,165.47
ORD1868,2023-11-15,CUST716,North,Electronics,Mobile,Laptop,3156.91,1,355.86
ORD1869,2023-02-17,CUST148,West,Home,Sofa,Jeans,2313.66,4,506.71
ORD1870,2023-03-02,CUST206,South,Home,Laptop,Phone,2974.38,2,674.17
ORD1871,2023-12-03,CUST190,West,Electronics,Skincare,Phone,923.27,2,186.96
ORD1872,2023-01-26,CUST582,South,Electronics,Jeans,Table,3710.68,2,475.81
ORD1873,2023-10-19,CUST163,East,Beauty,Mobile,Laptop,4327.71,2,509.69
ORD1874,2023-09-14,CUST269,North,Beauty,Skincare,Jeans,1162.03,1,231.73
ORD1875,2023-01-08,CUST951,East,Clothing,Table,Chair,569.0,3,151.65
ORD1876,2023-04-23,CUST545,South,Clothing,Mobile,Phone,215.83,1,61.87
ORD1877,2023-12-21,CUST560,West,Home,Sofa,Chair,3245.66,4,248.22
ORD1878,2023-09-10,CUST655,West,Electronics,Skincare,Jeans,3074.76,1,272.75
ORD1879,2023-06-29,CUST590,East,Clothing,Sofa,Jeans,2778.82,1,795.25
ORD1880,2023-07-26,CUST592,South,Home,Makeup,Lipstick,1236.54,4,289.52
ORD1881,2023-10-30,CUST146,East,Electronics,Skincare,Laptop,2015.44,2,545.68
ORD1882,2023-05-07,CUST166,East,Beauty,Skincare,Lipstick,3012.93,2,303.28
ORD1883,2023-02-25,CUST651,North,Home,Mobile,Chair,2534.16,2,498.97
ORD1884,2023-08-02,CUST799,East,Beauty,Sofa,Lipstick,4940.15,3,1112.94
ORD1885,2023-01-14,CUST853,North,Clothing,Table,Table,768.55,4,169.1
ORD1886,2023-01-28,CUST177,North,Clothing,Shirt,Laptop,3506.21,4,533.08
ORD1887,2023-03-19,CUST425,West,Electronics,Jeans,T-Shirt,2081.16,1,112.07
ORD1888,2023-08-04,CUST693,North,Home,Shirt,Lipstick,2198.18,3,430.25
ORD1889,2023-12-31,CUST311,North,Beauty,Jeans,Chair,3616.23,2,409.63
ORD1890,2023-06-03,CUST344,West,Electronics,Table,Phone,3492.94,3,567.82
ORD1891,2023-01-14,CUST880,East,Clothing,Skincare,Phone,4957.15,4,1434.58
ORD1892,2023-07-06,CUST173,South,Clothing,Skincare,Phone,729.13,4,109.19
ORD1893,2023-11-08,CUST402,South,Home,Mobile,Jacket,610.14,1,158.61
ORD1894,2023-01-07,CUST959,South,Beauty,Makeup,Jeans,3649.26,1,354.47
ORD1895,2023-01-03,CUST143,East,Home,Sofa,Laptop,2934.1,4,639.97
ORD1896,2023-04-21,CUST227,North,Beauty,Sofa,Phone,1443.39,2,424.72
ORD1897,2023-08-26,CUST518,South,Beauty,Sofa,T-Shirt,489.15,2,36.92
ORD1898,2023-12-29,CUST758,East,Home,Mobile,Phone,519.73,3,27.07
ORD1899,2023-08-27,CUST113,North,Electronics,Jeans,Table,4481.54,4,709.86
ORD1900,2023-10-01,CUST262,West,Home,Skincare,Jeans,1040.15,4,76.09
ORD1901,2023-10-21,CUST592,South,Home,Table,Chair,1684.52,2,399.39
ORD1902,2023-08-15,CUST504,North,Clothing,Sofa,Jeans,1210.62,2,337.32
ORD1903,2023-01-15,CUST515,South,Clothing,Shirt,Lipstick,1839.48,4,291.57
ORD1904,2023-07-11,CUST442,South,Home,Sofa,Chair,440.18,1,50.48
ORD1905,2023-04-29,CUST765,South,Home,Skincare,Chair,2643.39,4,419.24
ORD1906,2023-01-28,CUST498,North,Clothing,Mobile,Lipstick,431.3,4,99.57
ORD1907,2023-07-21,CUST869,East,Beauty,Table,Laptop,4021.75,2,210.19
ORD1908,2023-02-08,CUST952,North,Home,Makeup,Lipstick,1245.19,2,245.76
ORD1909,2023-09-30,CUST288,South,Electronics,Table,Jacket,2746.06,1,558.34
ORD1910,2023-08-19,CUST362,North,Electronics,Shirt,Chair,4412.39,1,924.05
ORD1911,2023-03-27,CUST171,West,Electronics,Sofa,Chair,3289.3,3,363.49
ORD1912,2023-05-06,CUST300,East,Home,Sofa,Lipstick,2711.49,4,619.61
ORD1913,2023-10-27,CUST830,North,Beauty,Laptop,Laptop,1689.24,2,123.06
ORD1914,2023-01-25,CUST856,West,Beauty,Jeans,Phone,1731.71,1,172.86
ORD1915,2023-05-25,CUST919,East,Clothing,Shirt,Table,3380.49,3,910.59
ORD1916,2023-01-13,CUST662,West,Home,Laptop,T-Shirt,4971.28,3,1166.66
ORD1917,2023-07-31,CUST298,East,Beauty,Table,Laptop,3343.01,2,178.64
ORD1918,2023-01-25,CUST100,North,Home,Makeup,Jacket,2833.14,2,317.58
ORD1919,2023-03-09,CUST481,West,Clothing,Jeans,Laptop,3680.19,3,381.27
ORD1920,2023-03-08,CUST645,South,Clothing,Shirt,Jeans,2379.51,1,280.07
ORD1921,2023-08-21,CUST985,West,Clothing,Sofa,Phone,394.7,3,44.16
ORD1922,2023-04-19,CUST937,East,Electronics,Table,Phone,2855.25,4,187.39
ORD1923,2023-05-26,CUST904,North,Home,Shirt,Chair,4792.36,4,789.47
ORD1924,2023-04-21,CUST531,East,Clothing,Sofa,Phone,958.98,2,223.62
ORD1925,2023-08-16,CUST308,West,Home,Skincare,Phone,3481.02,1,702.06
ORD1926,2023-04-21,CUST627,West,Electronics,Jeans,Lipstick,1084.58,1,236.67
ORD1927,2023-02-03,CUST795,South,Electronics,Skincare,Phone,2725.56,4,191.57
ORD1928,2023-04-21,CUST537,North,Clothing,Skincare,Phone,573.71,3,165.16
ORD1929,2023-09-21,CUST155,North,Clothing,Sofa,T-Shirt,2306.82,2,598.9
ORD1930,2023-08-24,CUST494,West,Beauty,Makeup,Jacket,3805.2,3,956.14
ORD1931,2023-03-24,CUST911,North,Home,Table,Chair,1803.1,3,461.14
ORD1932,2023-02-11,CUST648,South,Clothing,Mobile,Lipstick,3358.07,3,950.93
ORD1933,2023-04-11,CUST756,East,Beauty,Sofa,Phone,3997.7,1,743.83
ORD1934,2023-01-06,CUST616,North,Home,Makeup,Chair,4643.17,4,464.64
ORD1935,2023-06-29,CUST141,West,Clothing,Mobile,Jacket,1249.75,1,255.19
ORD1936,2023-10-09,CUST630,East,Beauty,Table,Lipstick,2056.65,4,484.79
ORD1937,2023-11-16,CUST557,East,Beauty,Skincare,Table,846.84,2,198.57
ORD1938,2023-08-14,CUST832,South,Home,Jeans,Phone,4963.17,2,895.17
ORD1939,2023-11-11,CUST494,West,Beauty,Jeans,Chair,4642.3,3,311.57
ORD1940,2023-12-31,CUST886,North,Home,Table,Laptop,2745.79,4,392.04
ORD1941,2023-08-17,CUST865,West,Home,Table,Lipstick,4225.96,4,1184.08
ORD1942,2023-10-16,CUST398,East,Home,Shirt,Lipstick,2652.69,4,520.22
ORD1943,2023-05-30,CUST796,West,Electronics,Makeup,Chair,3155.57,3,582.46
ORD1944,2023-10-04,CUST276,North,Beauty,Skincare,Phone,536.71,3,62.91
ORD1945,2023-07-17,CUST401,North,Home,Makeup,Jeans,3800.83,2,540.14
ORD1946,2023-03-11,CUST251,South,Clothing,Table,T-Shirt,725.8,1,198.75
ORD1947,2023-04-22,CUST579,North,Electronics,Laptop,Laptop,4147.73,4,898.46
ORD1948,2023-01-04,CUST181,North,Electronics,Laptop,Laptop,3931.94,4,970.59
ORD1949,2023-12-16,CUST649,West,Beauty,Mobile,Jeans,3572.85,1,584.47
ORD1950,2023-11-27,CUST509,West,Home,Mobile,Phone,277.19,4,57.53
ORD1951,2023-11-14,CUST825,East,Beauty,Laptop,Lipstick,1585.33,3,177.71
ORD1952,2023-12-16,CUST303,South,Electronics,Table,Lipstick,1389.25,3,314.48
ORD1953,2023-04-05,CUST840,West,Home,Table,T-Shirt,1864.67,4,292.57
ORD1954,2023-06-01,CUST879,North,Clothing,Mobile,Laptop,529.45,3,85.05
ORD1955,2023-11-07,CUST691,East,Home,Sofa,T-Shirt,4691.09,3,996.06
ORD1956,2023-05-17,CUST281,West,Electronics,Table,Laptop,2813.63,4,799.27
ORD1957,2023-09-04,CUST252,South,Clothing,Laptop,Phone,1597.07,2,105.41
ORD1958,2023-08-31,CUST744,South,Home,Makeup,Table,2045.21,1,523.95
ORD1959,2023-01-31,CUST185,East,Clothing,Table,Laptop,2291.29,3,282.05
ORD1960,2023-02-09,CUST150,East,Clothing,Skincare,Table,3042.91,2,489.85
ORD1961,2023-08-17,CUST938,East,Electronics,Table,Laptop,2626.83,3,145.73
ORD1962,2023-02-05,CUST307,East,Clothing,Sofa,Lipstick,4605.02,3,576.83
ORD1963,2023-08-11,CUST164,East,Beauty,Mobile,Jacket,2535.12,1,445.31
ORD1964,2023-01-06,CUST686,North,Electronics,Table,Phone,4961.57,3,317.76
ORD1965,2023-11-18,CUST466,North,Beauty,Jeans,Jeans,4271.98,1,738.09
ORD1966,2023-08-08,CUST788,West,Clothing,Shirt,Table,1121.7,1,316.07
ORD1967,2023-03-16,CUST235,South,Beauty,Laptop,Jeans,4659.92,1,355.78
ORD1968,2023-01-04,CUST121,North,Home,Skincare,Phone,670.2,2,161.59
ORD1969,2023-12-01,CUST176,North,Clothing,Skincare,Chair,4105.5,4,625.75
ORD1970,2023-05-14,CUST756,North,Home,Skincare,Jeans,1965.05,2,420.11
ORD1971,2023-04-28,CUST872,West,Beauty,Jeans,Phone,4402.07,4,506.5
ORD1972,2023-04-04,CUST194,East,Home,Skincare,Lipstick,4353.48,4,391.26
ORD1973,2023-03-03,CUST606,West,Clothing,Skincare,Jeans,4049.03,1,364.88
ORD1974,2023-07-13,CUST313,South,Home,Mobile,Table,3971.15,3,268.54
ORD1975,2023-12-01,CUST343,South,Beauty,Makeup,Jacket,1592.93,1,153.58
ORD1976,2023-07-22,CUST338,South,Beauty,Shirt,Jeans,496.5,3,107.27
ORD1977,2023-01-26,CUST416,South,Beauty,Jeans,Table,2074.6,4,561.02
ORD1978,2023-06-22,CUST347,North,Clothing,Shirt,Laptop,950.27,1,240.92
ORD1979,2023-10-27,CUST139,North,Beauty,Laptop,Phone,3505.26,3,775.66
ORD1980,2023-05-13,CUST182,West,Clothing,Mobile,T-Shirt,1795.89,2,139.38
ORD1981,2023-11-22,CUST594,East,Home,Table,Chair,4880.49,3,596.87
ORD1982,2023-04-28,CUST497,South,Beauty,Makeup,Lipstick,3240.76,1,413.04
ORD1983,2023-11-20,CUST637,West,Home,Mobile,T-Shirt,4130.15,2,464.6
ORD1984,2023-10-02,CUST384,North,Electronics,Shirt,Lipstick,749.37,3,133.95
ORD1985,2023-07-31,CUST810,North,Home,Jeans,Phone,4323.87,3,795.11
ORD1986,2023-08-13,CUST370,East,Electronics,Laptop,Lipstick,4621.51,3,643.41
ORD1987,2023-01-20,CUST512,East,Home,Laptop,Jacket,2486.6,3,344.26
ORD1988,2023-04-23,CUST732,East,Clothing,Mobile,Jeans,3070.64,3,789.58
ORD1989,2023-05-20,CUST853,West,Home,Table,Jacket,3847.57,2,951.59
ORD1990,2023-02-16,CUST306,North,Clothing,Jeans,T-Shirt,956.71,4,121.45
ORD1991,2023-01-01,CUST710,North,Clothing,Table,Chair,2562.57,2,713.54
ORD1992,2023-03-31,CUST101,East,Beauty,Table,Table,2053.45,2,591.81
ORD1993,2023-05-22,CUST648,South,Clothing,Skincare,Chair,817.23,2,107.62
ORD1994,2023-11-16,CUST219,East,Electronics,Jeans,Phone,1900.92,4,263.48
ORD1995,2023-02-07,CUST857,West,Beauty,Shirt,Phone,434.04,1,76.57
ORD1996,2023-10-20,CUST427,East,Beauty,Mobile,Jacket,226.48,4,64.61
ORD1997,2023-05-19,CUST466,East,Home,Mobile,Table,762.31,2,205.12
ORD1998,2023-12-22,CUST467,West,Clothing,Skincare,Jacket,4819.26,3,364.54
ORD1999,2023-11-29,CUST341,East,Clothing,Sofa,Jeans,2792.69,3,413.83
